{
  "$schema": "http://json-schema.org/draft-07/schema#",
  "title": "json-schema-legacy/maindoc/UBL-ProofOfReexportationReminder-2.3.json",
  "description": "\n  Library:           OASIS Universal Business Language (UBL) 2.3 OS\n                     http://docs.oasis-open.org/ubl/os-UBL-2.3/\n  Release Date:      15 June 2021\n  Module:            json-schema-legacy/maindoc/UBL-ProofOfReexportationReminder-2.3.json\n  Generated on:      2021-12-15 21:56z\n  Copyright (c) OASIS Open 2021. All Rights Reserved.\n\n\n  OASIS takes no position regarding the validity or scope of any \n  intellectual property or other rights that might be claimed to pertain \n  to the implementation or use of the technology described in this \n  document or the extent to which any license under such rights \n  might or might not be available; neither does it represent that it has \n  made any effort to identify any such rights. Information on OASIS's \n  procedures with respect to rights in OASIS specifications can be \n  found at the OASIS website. Copies of claims of rights made \n  available for publication and any assurances of licenses to be made \n  available, or the result of an attempt made to obtain a general \n  license or permission for the use of such proprietary rights by \n  implementors or users of this specification, can be obtained from \n  the OASIS Executive Director.\n\n  OASIS invites any interested party to bring to its attention any \n  copyrights, patents or patent applications, or other proprietary \n  rights which may cover technology that may be required to \n  implement this specification. Please address the information to the \n  OASIS Executive Director.\n  \n  This document and translations of it may be copied and furnished to \n  others, and derivative works that comment on or otherwise explain \n  it or assist in its implementation may be prepared, copied, \n  published and distributed, in whole or in part, without restriction of \n  any kind, provided that the above copyright notice and this \n  paragraph are included on all such copies and derivative works. \n  However, this document itself may not be modified in any way, \n  such as by removing the copyright notice or references to OASIS, \n  except as needed for the purpose of developing OASIS \n  specifications, in which case the procedures for copyrights defined \n  in the OASIS Intellectual Property Rights document must be \n  followed, or as required to translate it into languages other than \n  English. \n\n  The limited permissions granted above are perpetual and will not be \n  revoked by OASIS or its successors or assigns. \n\n  This document and the information contained herein is provided on \n  an \"AS IS\" basis and OASIS DISCLAIMS ALL WARRANTIES, \n  EXPRESS OR IMPLIED, INCLUDING BUT NOT LIMITED TO ANY \n  WARRANTY THAT THE USE OF THE INFORMATION HEREIN \n  WILL NOT INFRINGE ANY RIGHTS OR ANY IMPLIED \n  WARRANTIES OF MERCHANTABILITY OR FITNESS FOR A \n  PARTICULAR PURPOSE.    \n",
  "required": [
    "ProofOfReexportationReminder"
    ],
  "properties": {
    "_D": {
      "description": "Document ABIE XML namespace string",
      "type": "string"
      },
    "_A": {
      "description": "Library ABIE XML namespace string (for ASBIEs)",
      "type": "string"
      },
    "_B": {
      "description": "BBIE XML namespace string",
      "type": "string"
      },
    "_E": {
      "description": "Extension scaffolding XML namespace string",
      "type": "string"
      },
    "ProofOfReexportationReminder": {
      "description": "A reminder that a requested Proof of Reexportation is pending.",
      "items": {
        "$ref": "#/definitions/ProofOfReexportationReminder"
        },
      "maxItems": 1,
      "minItems": 1,
      "type": "array"
      }
    },
  "additionalProperties": false,
  "type": "object",
  "definitions": {
    "ProofOfReexportationReminder": {
      "title": "Proof Of Reexportation Reminder. Details",
      "description": "A reminder that a requested Proof of Reexportation is pending.",
      "required": [
        "ID",
        "IssueDate",
        "ProcedureCode",
        "ProofOfReexportationRequestDocumentReference",
        "ImportingGuarantorParty",
        "ExportingGuarantorParty",
        "GoodsItemPassportCounterfoil"
        ],
      "properties": {

        "UBLExtensions": {
          "title": "UBLExtensions",
          "description": "An optional set of extensions to the committee model",
          "items": { 
            "$ref": "../common/UBL-CommonExtensionComponents-2.3.json#/definitions/UBLExtensions" },
          "maxItems": 1,
          "minItems": 1,
          "type": "array"
          },

        "UBLVersionID": {
          "title": "Proof Of Reexportation Reminder. UBL Version Identifier. Identifier",
          "description": "Identifies the earliest version of the UBL 2 schema for this document type that defines all of the elements that might be encountered in the current instance.",
          "items": {
            "$ref": "../common/UBL-CommonBasicComponents-2.3.json#/definitions/UBLVersionID"
            },
          "maxItems": 1,
          "minItems": 1,
          "type": "array"
          },
        "CustomizationID": {
          "title": "Proof Of Reexportation Reminder. Customization Identifier. Identifier",
          "description": "Identifies a user-defined customization of UBL for a specific use.",
          "items": {
            "$ref": "../common/UBL-CommonBasicComponents-2.3.json#/definitions/CustomizationID"
            },
          "maxItems": 1,
          "minItems": 1,
          "type": "array"
          },
        "ProfileID": {
          "title": "Proof Of Reexportation Reminder. Profile Identifier. Identifier",
          "description": "Identifies a user-defined profile of the customization of UBL being used.",
          "items": {
            "$ref": "../common/UBL-CommonBasicComponents-2.3.json#/definitions/ProfileID"
            },
          "maxItems": 1,
          "minItems": 1,
          "type": "array"
          },
        "ProfileExecutionID": {
          "title": "Proof Of Reexportation Reminder. Profile Execution Identifier. Identifier",
          "description": "Identifies an instance of executing a profile, to associate all transactions in a collaboration.",
          "items": {
            "$ref": "../common/UBL-CommonBasicComponents-2.3.json#/definitions/ProfileExecutionID"
            },
          "maxItems": 1,
          "minItems": 1,
          "type": "array"
          },
        "ID": {
          "title": "Proof Of Reexportation Reminder. Identifier",
          "description": "An identifier for this document, assigned by the sender.",
          "items": {
            "$ref": "../common/UBL-CommonBasicComponents-2.3.json#/definitions/ID"
            },
          "maxItems": 1,
          "minItems": 1,
          "type": "array"
          },
        "CopyIndicator": {
          "title": "Proof Of Reexportation Reminder. Copy_ Indicator. Indicator",
          "description": "Indicates whether this document is a copy (true) or not (false).",
          "items": {
            "$ref": "../common/UBL-CommonBasicComponents-2.3.json#/definitions/CopyIndicator"
            },
          "maxItems": 1,
          "minItems": 1,
          "type": "array"
          },
        "UUID": {
          "title": "Proof Of Reexportation Reminder. UUID. Identifier",
          "description": "A universally unique identifier for an instance of this document.",
          "items": {
            "$ref": "../common/UBL-CommonBasicComponents-2.3.json#/definitions/UUID"
            },
          "maxItems": 1,
          "minItems": 1,
          "type": "array"
          },
        "IssueDate": {
          "title": "Proof Of Reexportation Reminder. Issue Date. Date",
          "description": "The date, assigned by the sender, on which this document was issued.",
          "items": {
            "$ref": "../common/UBL-CommonBasicComponents-2.3.json#/definitions/IssueDate"
            },
          "maxItems": 1,
          "minItems": 1,
          "type": "array"
          },
        "IssueTime": {
          "title": "Proof Of Reexportation Reminder. Issue Time. Time",
          "description": "The time, assigned by the sender, at which this document was issued.",
          "items": {
            "$ref": "../common/UBL-CommonBasicComponents-2.3.json#/definitions/IssueTime"
            },
          "maxItems": 1,
          "minItems": 1,
          "type": "array"
          },
        "ProcedureCode": {
          "title": "Proof Of Reexportation Reminder. Procedure. Code",
          "description": "The procedure under which this reminder was sent, expressed as a code",
          "items": {
            "$ref": "../common/UBL-CommonBasicComponents-2.3.json#/definitions/ProcedureCode"
            },
          "maxItems": 1,
          "minItems": 1,
          "type": "array"
          },
        "Note": {
          "title": "Proof Of Reexportation Reminder. Note. Text",
          "description": "Free-form text pertinent to this document, conveying information that is not contained explicitly in other structures.",
          "items": {
            "$ref": "../common/UBL-CommonBasicComponents-2.3.json#/definitions/Note"
            },
          "minItems": 1,
          "type": "array"
          },
        "VersionID": {
          "title": "Proof Of Reexportation Reminder. Version. Identifier",
          "description": "Identifies a version of a Proof of Reexportation Reminder in order to distinguish updates.",
          "items": {
            "$ref": "../common/UBL-CommonBasicComponents-2.3.json#/definitions/VersionID"
            },
          "maxItems": 1,
          "minItems": 1,
          "type": "array"
          },
        "GoodsItemPassportID": {
          "title": "Proof Of Reexportation Reminder. Goods Item Passport Identifier. Identifier",
          "description": "An identifier for the associated Goods Item Passport, used when all counterfoils refer to the same.",
          "items": {
            "$ref": "../common/UBL-CommonBasicComponents-2.3.json#/definitions/GoodsItemPassportID"
            },
          "maxItems": 1,
          "minItems": 1,
          "type": "array"
          },
        "ProofOfReexportationRequestDocumentReference": {
          "title": "Proof Of Reexportation Reminder. Proof Of Reexportation Request_ Document Reference. Document Reference",
          "description": "The Document Reference related to this Proof of Reexportation Request",
          "items": {
            "$ref": "../common/UBL-CommonAggregateComponents-2.3.json#/definitions/ProofOfReexportationRequestDocumentReference"
            },
          "maxItems": 1,
          "minItems": 1,
          "type": "array"
          },
        "ImportingGuarantorParty": {
          "title": "Proof Of Reexportation Reminder. Importing Guarantor_ Party. Party",
          "description": "The party (often a chamber of commerce) that on behalf of their customs authority issues this document",
          "items": {
            "$ref": "../common/UBL-CommonAggregateComponents-2.3.json#/definitions/ImportingGuarantorParty"
            },
          "maxItems": 1,
          "minItems": 1,
          "type": "array"
          },
        "ExportingGuarantorParty": {
          "title": "Proof Of Reexportation Reminder. Exporting Guarantor_ Party. Party",
          "description": "The party (often a chamber of commerce) that are fiscally responsible for the Goods Item Passort counterfoils that the Customs Party are requesting",
          "items": {
            "$ref": "../common/UBL-CommonAggregateComponents-2.3.json#/definitions/ExportingGuarantorParty"
            },
          "maxItems": 1,
          "minItems": 1,
          "type": "array"
          },
        "ImportingCustomsParty": {
          "title": "Proof Of Reexportation Reminder. Importing Customs_ Party. Party",
          "description": "An original requester of the Proof of Reexportation.",
          "items": {
            "$ref": "../common/UBL-CommonAggregateComponents-2.3.json#/definitions/ImportingCustomsParty"
            },
          "maxItems": 1,
          "minItems": 1,
          "type": "array"
          },
        "IssuerEndorsement": {
          "title": "Proof Of Reexportation Reminder. Issuer_ Endorsement. Endorsement",
          "description": "An Issuers endorsment of this Request for Proof of Reexportation.",
          "items": {
            "$ref": "../common/UBL-CommonAggregateComponents-2.3.json#/definitions/IssuerEndorsement"
            },
          "maxItems": 1,
          "minItems": 1,
          "type": "array"
          },
        "PaymentTerms": {
          "title": "Proof Of Reexportation Reminder. Payment Terms",
          "description": "A set of payment terms associated with this Request for Proof of Reexportation, used for generating a subsequent invoice in case no proof of re-exportation can be provided.",
          "items": {
            "$ref": "../common/UBL-CommonAggregateComponents-2.3.json#/definitions/PaymentTerms"
            },
          "minItems": 1,
          "type": "array"
          },
        "GoodsItemPassportCounterfoil": {
          "title": "Proof Of Reexportation Reminder. Goods Item Passport Counterfoil",
          "description": "The related Goods Item Passport Counterfoils of an associated Goods Item Passport.",
          "items": {
            "$ref": "../common/UBL-CommonAggregateComponents-2.3.json#/definitions/GoodsItemPassportCounterfoil"
            },
          "minItems": 1,
          "type": "array"
          },
        "AdditionalDocumentReference": {
          "title": "Proof Of Reexportation Reminder. Additional_ Document Reference. Document Reference",
          "description": "One or more references to additional documents related to this Request for Proof of Reexportation",
          "items": {
            "$ref": "../common/UBL-CommonAggregateComponents-2.3.json#/definitions/AdditionalDocumentReference"
            },
          "minItems": 1,
          "type": "array"
          },
        "Signature": {
          "title": "Proof Of Reexportation Reminder. Signature",
          "description": "A signature applied to this document.",
          "items": {
            "$ref": "../common/UBL-CommonAggregateComponents-2.3.json#/definitions/Signature"
            },
          "minItems": 1,
          "type": "array"
          }
        },
      "additionalProperties": false,
      "type": "object"
      }
    }
  }
