{
  "$schema": "http://json-schema.org/draft-07/schema#",
  "title": "json-schema-legacy/maindoc/UBL-RetailEvent-2.3.json",
  "description": "\n  Library:           OASIS Universal Business Language (UBL) 2.3 OS\n                     http://docs.oasis-open.org/ubl/os-UBL-2.3/\n  Release Date:      15 June 2021\n  Module:            json-schema-legacy/maindoc/UBL-RetailEvent-2.3.json\n  Generated on:      2021-12-15 21:56z\n  Copyright (c) OASIS Open 2021. All Rights Reserved.\n\n\n  OASIS takes no position regarding the validity or scope of any \n  intellectual property or other rights that might be claimed to pertain \n  to the implementation or use of the technology described in this \n  document or the extent to which any license under such rights \n  might or might not be available; neither does it represent that it has \n  made any effort to identify any such rights. Information on OASIS's \n  procedures with respect to rights in OASIS specifications can be \n  found at the OASIS website. Copies of claims of rights made \n  available for publication and any assurances of licenses to be made \n  available, or the result of an attempt made to obtain a general \n  license or permission for the use of such proprietary rights by \n  implementors or users of this specification, can be obtained from \n  the OASIS Executive Director.\n\n  OASIS invites any interested party to bring to its attention any \n  copyrights, patents or patent applications, or other proprietary \n  rights which may cover technology that may be required to \n  implement this specification. Please address the information to the \n  OASIS Executive Director.\n  \n  This document and translations of it may be copied and furnished to \n  others, and derivative works that comment on or otherwise explain \n  it or assist in its implementation may be prepared, copied, \n  published and distributed, in whole or in part, without restriction of \n  any kind, provided that the above copyright notice and this \n  paragraph are included on all such copies and derivative works. \n  However, this document itself may not be modified in any way, \n  such as by removing the copyright notice or references to OASIS, \n  except as needed for the purpose of developing OASIS \n  specifications, in which case the procedures for copyrights defined \n  in the OASIS Intellectual Property Rights document must be \n  followed, or as required to translate it into languages other than \n  English. \n\n  The limited permissions granted above are perpetual and will not be \n  revoked by OASIS or its successors or assigns. \n\n  This document and the information contained herein is provided on \n  an \"AS IS\" basis and OASIS DISCLAIMS ALL WARRANTIES, \n  EXPRESS OR IMPLIED, INCLUDING BUT NOT LIMITED TO ANY \n  WARRANTY THAT THE USE OF THE INFORMATION HEREIN \n  WILL NOT INFRINGE ANY RIGHTS OR ANY IMPLIED \n  WARRANTIES OF MERCHANTABILITY OR FITNESS FOR A \n  PARTICULAR PURPOSE.    \n",
  "required": [
    "RetailEvent"
    ],
  "properties": {
    "_D": {
      "description": "Document ABIE XML namespace string",
      "type": "string"
      },
    "_A": {
      "description": "Library ABIE XML namespace string (for ASBIEs)",
      "type": "string"
      },
    "_B": {
      "description": "BBIE XML namespace string",
      "type": "string"
      },
    "_E": {
      "description": "Extension scaffolding XML namespace string",
      "type": "string"
      },
    "RetailEvent": {
      "description": "A document used to specify basic information about retail events (such as promotions, product introductions, and community or environmental events) that affect supply or demand.",
      "items": {
        "$ref": "#/definitions/RetailEvent"
        },
      "maxItems": 1,
      "minItems": 1,
      "type": "array"
      }
    },
  "additionalProperties": false,
  "type": "object",
  "definitions": {
    "RetailEvent": {
      "title": "Retail Event. Details",
      "description": "A document used to specify basic information about retail events (such as promotions, product introductions, and community or environmental events) that affect supply or demand.",
      "required": [
        "ID",
        "RetailEventStatusCode",
        "Period",
        "SenderParty",
        "ReceiverParty"
        ],
      "properties": {

        "UBLExtensions": {
          "title": "UBLExtensions",
          "description": "An optional set of extensions to the committee model",
          "items": { 
            "$ref": "../common/UBL-CommonExtensionComponents-2.3.json#/definitions/UBLExtensions" },
          "maxItems": 1,
          "minItems": 1,
          "type": "array"
          },

        "UBLVersionID": {
          "title": "Retail Event. UBL Version Identifier. Identifier",
          "description": "Identifies the earliest version of the UBL 2 schema for this document type that defines all of the elements that might be encountered in the current instance.",
          "items": {
            "$ref": "../common/UBL-CommonBasicComponents-2.3.json#/definitions/UBLVersionID"
            },
          "maxItems": 1,
          "minItems": 1,
          "type": "array"
          },
        "CustomizationID": {
          "title": "Retail Event. Customization Identifier. Identifier",
          "description": "Identifies a user-defined customization of UBL for a specific use.",
          "items": {
            "$ref": "../common/UBL-CommonBasicComponents-2.3.json#/definitions/CustomizationID"
            },
          "maxItems": 1,
          "minItems": 1,
          "type": "array"
          },
        "ProfileID": {
          "title": "Retail Event. Profile Identifier. Identifier",
          "description": "Identifies a user-defined profile of the customization of UBL being used.",
          "items": {
            "$ref": "../common/UBL-CommonBasicComponents-2.3.json#/definitions/ProfileID"
            },
          "maxItems": 1,
          "minItems": 1,
          "type": "array"
          },
        "ProfileExecutionID": {
          "title": "Retail Event. Profile Execution Identifier. Identifier",
          "description": "Identifies an instance of executing a profile, to associate all transactions in a collaboration.",
          "items": {
            "$ref": "../common/UBL-CommonBasicComponents-2.3.json#/definitions/ProfileExecutionID"
            },
          "maxItems": 1,
          "minItems": 1,
          "type": "array"
          },
        "ID": {
          "title": "Retail Event. Identifier",
          "description": "An identifier for this document, assigned by the sender.",
          "items": {
            "$ref": "../common/UBL-CommonBasicComponents-2.3.json#/definitions/ID"
            },
          "maxItems": 1,
          "minItems": 1,
          "type": "array"
          },
        "CopyIndicator": {
          "title": "Retail Event. Copy_ Indicator. Indicator",
          "description": "Indicates whether this document is a copy (true) or not (false).",
          "items": {
            "$ref": "../common/UBL-CommonBasicComponents-2.3.json#/definitions/CopyIndicator"
            },
          "maxItems": 1,
          "minItems": 1,
          "type": "array"
          },
        "UUID": {
          "title": "Retail Event. UUID. Identifier",
          "description": "A universally unique identifier for an instance of this document.",
          "items": {
            "$ref": "../common/UBL-CommonBasicComponents-2.3.json#/definitions/UUID"
            },
          "maxItems": 1,
          "minItems": 1,
          "type": "array"
          },
        "IssueDate": {
          "title": "Retail Event. Issue Date. Date",
          "description": "The date, assigned by the sender, on which this document was issued.",
          "items": {
            "$ref": "../common/UBL-CommonBasicComponents-2.3.json#/definitions/IssueDate"
            },
          "maxItems": 1,
          "minItems": 1,
          "type": "array"
          },
        "IssueTime": {
          "title": "Retail Event. Issue Time. Time",
          "description": "The time, assigned by the sender, at which this document was issued.",
          "items": {
            "$ref": "../common/UBL-CommonBasicComponents-2.3.json#/definitions/IssueTime"
            },
          "maxItems": 1,
          "minItems": 1,
          "type": "array"
          },
        "Note": {
          "title": "Retail Event. Note. Text",
          "description": "Free-form text pertinent to this document, conveying information that is not contained explicitly in other structures.",
          "items": {
            "$ref": "../common/UBL-CommonBasicComponents-2.3.json#/definitions/Note"
            },
          "minItems": 1,
          "type": "array"
          },
        "RetailEventName": {
          "title": "Retail Event. Retail Event Name. Name",
          "description": "A title, theme, slogan, or other identifier for the event for use by trading partners.",
          "items": {
            "$ref": "../common/UBL-CommonBasicComponents-2.3.json#/definitions/RetailEventName"
            },
          "maxItems": 1,
          "minItems": 1,
          "type": "array"
          },
        "RetailEventStatusCode": {
          "title": "Retail Event. Retail Event Status Code. Code",
          "description": "Describes the logical state of the discrete activity affecting supply or demand in the supply chain",
          "items": {
            "$ref": "../common/UBL-CommonBasicComponents-2.3.json#/definitions/RetailEventStatusCode"
            },
          "maxItems": 1,
          "minItems": 1,
          "type": "array"
          },
        "SellerEventID": {
          "title": "Retail Event. Seller Event Identifier. Identifier",
          "description": "An event tracking identifier assigned by the seller.",
          "items": {
            "$ref": "../common/UBL-CommonBasicComponents-2.3.json#/definitions/SellerEventID"
            },
          "maxItems": 1,
          "minItems": 1,
          "type": "array"
          },
        "BuyerEventID": {
          "title": "Retail Event. Buyer Event Identifier. Identifier",
          "description": "An event tracking identifier assigned by the buyer.",
          "items": {
            "$ref": "../common/UBL-CommonBasicComponents-2.3.json#/definitions/BuyerEventID"
            },
          "maxItems": 1,
          "minItems": 1,
          "type": "array"
          },
        "Description": {
          "title": "Retail Event. Description. Text",
          "description": "Definition of the discrete activity affecting supply or demand in the supply chain",
          "items": {
            "$ref": "../common/UBL-CommonBasicComponents-2.3.json#/definitions/Description"
            },
          "minItems": 1,
          "type": "array"
          },
        "Period": {
          "title": "Retail Event. Period",
          "description": "The period during which the event takes place.",
          "items": {
            "$ref": "../common/UBL-CommonAggregateComponents-2.3.json#/definitions/Period"
            },
          "maxItems": 1,
          "minItems": 1,
          "type": "array"
          },
        "OriginalDocumentReference": {
          "title": "Retail Event. Original_ Document Reference. Document Reference",
          "description": "A reference to a Forecast document associated with this event.",
          "items": {
            "$ref": "../common/UBL-CommonAggregateComponents-2.3.json#/definitions/OriginalDocumentReference"
            },
          "minItems": 1,
          "type": "array"
          },
        "Signature": {
          "title": "Retail Event. Signature",
          "description": "A signature applied to this document.",
          "items": {
            "$ref": "../common/UBL-CommonAggregateComponents-2.3.json#/definitions/Signature"
            },
          "minItems": 1,
          "type": "array"
          },
        "SenderParty": {
          "title": "Retail Event. Sender_ Party. Party",
          "description": "The party sending this document.",
          "items": {
            "$ref": "../common/UBL-CommonAggregateComponents-2.3.json#/definitions/SenderParty"
            },
          "maxItems": 1,
          "minItems": 1,
          "type": "array"
          },
        "ReceiverParty": {
          "title": "Retail Event. Receiver_ Party. Party",
          "description": "The party receiving this document.",
          "items": {
            "$ref": "../common/UBL-CommonAggregateComponents-2.3.json#/definitions/ReceiverParty"
            },
          "maxItems": 1,
          "minItems": 1,
          "type": "array"
          },
        "BuyerCustomerParty": {
          "title": "Retail Event. Buyer_ Customer Party. Customer Party",
          "description": "The buyer.",
          "items": {
            "$ref": "../common/UBL-CommonAggregateComponents-2.3.json#/definitions/BuyerCustomerParty"
            },
          "maxItems": 1,
          "minItems": 1,
          "type": "array"
          },
        "SellerSupplierParty": {
          "title": "Retail Event. Seller_ Supplier Party. Supplier Party",
          "description": "The seller.",
          "items": {
            "$ref": "../common/UBL-CommonAggregateComponents-2.3.json#/definitions/SellerSupplierParty"
            },
          "maxItems": 1,
          "minItems": 1,
          "type": "array"
          },
        "EventComment": {
          "title": "Retail Event. Event Comment",
          "description": "A comment regarding the event.",
          "items": {
            "$ref": "../common/UBL-CommonAggregateComponents-2.3.json#/definitions/EventComment"
            },
          "minItems": 1,
          "type": "array"
          },
        "PromotionalEvent": {
          "title": "Retail Event. Promotional Event",
          "description": "The description of a promotional event associated with this event.",
          "items": {
            "$ref": "../common/UBL-CommonAggregateComponents-2.3.json#/definitions/PromotionalEvent"
            },
          "maxItems": 1,
          "minItems": 1,
          "type": "array"
          },
        "MiscellaneousEvent": {
          "title": "Retail Event. Miscellaneous Event",
          "description": "A miscellaneous event associated with this event.",
          "items": {
            "$ref": "../common/UBL-CommonAggregateComponents-2.3.json#/definitions/MiscellaneousEvent"
            },
          "maxItems": 1,
          "minItems": 1,
          "type": "array"
          }
        },
      "additionalProperties": false,
      "type": "object"
      }
    }
  }
