{
  "$schema": "http://json-schema.org/draft-07/schema#",
  "title": "json-schema-model/maindoc/UBL-TransitCustomsDeclaration-2.3.json",
  "description": "\n  Library:           OASIS Universal Business Language (UBL) 2.3 OS\n                     http://docs.oasis-open.org/ubl/os-UBL-2.3/\n  Release Date:      15 June 2021\n  Module:            json-schema-model/maindoc/UBL-TransitCustomsDeclaration-2.3.json\n  Generated on:      2021-12-15 21:56z\n  Copyright (c) OASIS Open 2021. All Rights Reserved.\n\n\n  OASIS takes no position regarding the validity or scope of any \n  intellectual property or other rights that might be claimed to pertain \n  to the implementation or use of the technology described in this \n  document or the extent to which any license under such rights \n  might or might not be available; neither does it represent that it has \n  made any effort to identify any such rights. Information on OASIS's \n  procedures with respect to rights in OASIS specifications can be \n  found at the OASIS website. Copies of claims of rights made \n  available for publication and any assurances of licenses to be made \n  available, or the result of an attempt made to obtain a general \n  license or permission for the use of such proprietary rights by \n  implementors or users of this specification, can be obtained from \n  the OASIS Executive Director.\n\n  OASIS invites any interested party to bring to its attention any \n  copyrights, patents or patent applications, or other proprietary \n  rights which may cover technology that may be required to \n  implement this specification. Please address the information to the \n  OASIS Executive Director.\n  \n  This document and translations of it may be copied and furnished to \n  others, and derivative works that comment on or otherwise explain \n  it or assist in its implementation may be prepared, copied, \n  published and distributed, in whole or in part, without restriction of \n  any kind, provided that the above copyright notice and this \n  paragraph are included on all such copies and derivative works. \n  However, this document itself may not be modified in any way, \n  such as by removing the copyright notice or references to OASIS, \n  except as needed for the purpose of developing OASIS \n  specifications, in which case the procedures for copyrights defined \n  in the OASIS Intellectual Property Rights document must be \n  followed, or as required to translate it into languages other than \n  English. \n\n  The limited permissions granted above are perpetual and will not be \n  revoked by OASIS or its successors or assigns. \n\n  This document and the information contained herein is provided on \n  an \"AS IS\" basis and OASIS DISCLAIMS ALL WARRANTIES, \n  EXPRESS OR IMPLIED, INCLUDING BUT NOT LIMITED TO ANY \n  WARRANTY THAT THE USE OF THE INFORMATION HEREIN \n  WILL NOT INFRINGE ANY RIGHTS OR ANY IMPLIED \n  WARRANTIES OF MERCHANTABILITY OR FITNESS FOR A \n  PARTICULAR PURPOSE.    \n",
  "required": [
    "TransitCustomsDeclaration"
    ],
  "properties": {
    "_D": {
      "description": "Document ABIE XML namespace string",
      "type": "string"
      },
    "_A": {
      "description": "Library ABIE XML namespace string (for ASBIEs)",
      "type": "string"
      },
    "_B": {
      "description": "BBIE XML namespace string",
      "type": "string"
      },
    "_E": {
      "description": "Extension scaffolding XML namespace string",
      "type": "string"
      },
    "TransitCustomsDeclaration": {
      "description": "A document that describes an import customs declaration.",
      "$ref": "#/definitions/TransitCustomsDeclaration"
      }
    },
  "additionalProperties": false,
  "type": "object",
  "definitions": {
    "TransitCustomsDeclaration": {
      "title": "Transit Customs Declaration. Details",
      "description": "A document that describes an import customs declaration.",
      "required": [
        "ID",
        "CustomsParty"
        ],
      "properties": {

        "UBLExtensions": {
          "title": "UBLExtensions",
          "description": "An optional set of extensions to the committee model",
          "items": { 
            "$ref": "../common/UBL-CommonExtensionComponents-2.3.json#/definitions/UBLExtensions" },
          "maxItems": 1,
          "minItems": 1,
          "type": "array"
          },

        "UBLVersionID": {
          "title": "Transit Customs Declaration. UBL Version Identifier. Identifier",
          "description": "Identifies the earliest version of the UBL 2 schema for this document type that defines all of the elements that might be encountered in the current instance.",
          "$ref": "../common/UBL-CommonBasicComponents-2.3.json#/definitions/UBLVersionID"
          },
        "CustomizationID": {
          "title": "Transit Customs Declaration. Customization Identifier. Identifier",
          "description": "Identifies a user-defined customization of UBL for a specific use.",
          "$ref": "../common/UBL-CommonBasicComponents-2.3.json#/definitions/CustomizationID"
          },
        "ProfileID": {
          "title": "Transit Customs Declaration. Profile Identifier. Identifier",
          "description": "Identifies a user-defined profile of the customization of UBL being used.",
          "$ref": "../common/UBL-CommonBasicComponents-2.3.json#/definitions/ProfileID"
          },
        "ProfileExecutionID": {
          "title": "Transit Customs Declaration. Profile Execution Identifier. Identifier",
          "description": "Identifies an instance of executing a profile, to associate all transactions in a collaboration.",
          "$ref": "../common/UBL-CommonBasicComponents-2.3.json#/definitions/ProfileExecutionID"
          },
        "ID": {
          "title": "Transit Customs Declaration. Identifier",
          "description": "An identifier for this document.",
          "$ref": "../common/UBL-CommonBasicComponents-2.3.json#/definitions/ID"
          },
        "UUID": {
          "title": "Transit Customs Declaration. UUID. Identifier",
          "description": "A universally unique identifier for an instance of this document.",
          "$ref": "../common/UBL-CommonBasicComponents-2.3.json#/definitions/UUID"
          },
        "IssueDate": {
          "title": "Transit Customs Declaration. Issue Date. Date",
          "description": "The date, assigned by the sender, on which this document was issued.",
          "$ref": "../common/UBL-CommonBasicComponents-2.3.json#/definitions/IssueDate"
          },
        "IssueTime": {
          "title": "Transit Customs Declaration. Issue Time. Time",
          "description": "The time, assigned by the sender, at which this document was issued.",
          "$ref": "../common/UBL-CommonBasicComponents-2.3.json#/definitions/IssueTime"
          },
        "TypeCode": {
          "title": "Transit Customs Declaration. Type Code. Code",
          "description": "Code specifying the type of transit customs declaration.",
          "$ref": "../common/UBL-CommonBasicComponents-2.3.json#/definitions/TypeCode"
          },
        "SubTypeCode": {
          "title": "Transit Customs Declaration. Sub_ Type Code. Code",
          "description": "Code specifying the subtype of transit customs declaration.",
          "$ref": "../common/UBL-CommonBasicComponents-2.3.json#/definitions/SubTypeCode"
          },
        "NatureOfTransactionCode": {
          "title": "Transit Customs Declaration. Nature Of_ Transaction Code. Code",
          "description": "Code specifying the type of transaction for this export.",
          "$ref": "../common/UBL-CommonBasicComponents-2.3.json#/definitions/NatureOfTransactionCode"
          },
        "Note": {
          "title": "Transit Customs Declaration. Note. Text",
          "description": "Free-form text pertinent to this document, conveying information that is not contained explicitly in other structures.",
          "items": {
            "$ref": "../common/UBL-CommonBasicComponents-2.3.json#/definitions/Note"
            },
          "minItems": 1,
          "type": "array"
          },
        "VersionID": {
          "title": "Transit Customs Declaration. Version. Identifier",
          "description": "Identifies a version of a transit customs declaration in order to distinguish updates.",
          "$ref": "../common/UBL-CommonBasicComponents-2.3.json#/definitions/VersionID"
          },
        "ValidityPeriod": {
          "title": "Transit Customs Declaration. Validity_ Period. Period",
          "description": "A period, assigned by the issuer, during which the information in this declaration is effective.",
          "$ref": "../common/UBL-CommonAggregateComponents-2.3.json#/definitions/ValidityPeriod"
          },
        "ExportCustomsExitOfficeLocation": {
          "title": "Transit Customs Declaration. Export Customs Exit Office_ Location. Location",
          "description": "Customs office of exit of the goods being declared for export.",
          "$ref": "../common/UBL-CommonAggregateComponents-2.3.json#/definitions/ExportCustomsExitOfficeLocation"
          },
        "TransitCustomsExitOfficeLocation": {
          "title": "Transit Customs Declaration. Transit Customs Exit Office_ Location. Location",
          "description": "Customs office of exit of the goods being declared for transit.",
          "$ref": "../common/UBL-CommonAggregateComponents-2.3.json#/definitions/TransitCustomsExitOfficeLocation"
          },
        "ImportCustomsExitOfficeLocation": {
          "title": "Transit Customs Declaration. Import Customs Exit Office_ Location. Location",
          "description": "Customs office of exit of the goods being declared for import.",
          "$ref": "../common/UBL-CommonAggregateComponents-2.3.json#/definitions/ImportCustomsExitOfficeLocation"
          },
        "JurisdictionRegionAddress": {
          "title": "Transit Customs Declaration. Jurisdiction Region_ Address. Address",
          "description": "A geographic area in which this declaration is relevant.",
          "$ref": "../common/UBL-CommonAggregateComponents-2.3.json#/definitions/JurisdictionRegionAddress"
          },
        "TransitExporterParty": {
          "title": "Transit Customs Declaration. Transit Exporter_ Party. Party",
          "description": "The Party who makes the transit declaration, or on whose behalf the transit declaration is made, and who is the owner of the goods or has similar right of disposal over them at the time when the declaration is accepted.",
          "$ref": "../common/UBL-CommonAggregateComponents-2.3.json#/definitions/TransitExporterParty"
          },
        "ConsignorParty": {
          "title": "Transit Customs Declaration. Consignor_ Party. Party",
          "description": "The Party responsible for the consignment.",
          "$ref": "../common/UBL-CommonAggregateComponents-2.3.json#/definitions/ConsignorParty"
          },
        "ConsigneeParty": {
          "title": "Transit Customs Declaration. Consignee_ Party. Party",
          "description": "The Party responsible for receiving the goods.",
          "$ref": "../common/UBL-CommonAggregateComponents-2.3.json#/definitions/ConsigneeParty"
          },
        "FreightForwarderParty": {
          "title": "Transit Customs Declaration. Freight Forwarder_ Party. Party",
          "description": "The Party responsibe for the freight forwarding.",
          "$ref": "../common/UBL-CommonAggregateComponents-2.3.json#/definitions/FreightForwarderParty"
          },
        "CustomsParty": {
          "title": "Transit Customs Declaration. Customs_ Party. Party",
          "description": "The authority who is legally responsible for processing the declaration.",
          "$ref": "../common/UBL-CommonAggregateComponents-2.3.json#/definitions/CustomsParty"
          },
        "NotifierParty": {
          "title": "Transit Customs Declaration. Notifier_ Party. Party",
          "description": "The party responsible for contact on master level.",
          "$ref": "../common/UBL-CommonAggregateComponents-2.3.json#/definitions/NotifierParty"
          },
        "Shipment": {
          "title": "Transit Customs Declaration. Shipment",
          "description": "The shipment related to this trade certificate.",
          "items": {
            "$ref": "../common/UBL-CommonAggregateComponents-2.3.json#/definitions/Shipment"
            },
          "minItems": 1,
          "type": "array"
          },
        "PreviousCustomsDeclaration": {
          "title": "Transit Customs Declaration. Previous_ Customs Declaration. Customs Declaration",
          "description": "A reference to a previously sent transit customs declaration.",
          "items": {
            "$ref": "../common/UBL-CommonAggregateComponents-2.3.json#/definitions/PreviousCustomsDeclaration"
            },
          "minItems": 1,
          "type": "array"
          },
        "AdditionalDocumentReference": {
          "title": "Transit Customs Declaration. Additional_ Document Reference. Document Reference",
          "description": "A reference to a additional documents relevant for this transit customs declaration.",
          "items": {
            "$ref": "../common/UBL-CommonAggregateComponents-2.3.json#/definitions/AdditionalDocumentReference"
            },
          "minItems": 1,
          "type": "array"
          },
        "Signature": {
          "title": "Transit Customs Declaration. Signature",
          "description": "A signature applied to this document.",
          "items": {
            "$ref": "../common/UBL-CommonAggregateComponents-2.3.json#/definitions/Signature"
            },
          "minItems": 1,
          "type": "array"
          }
        },
      "additionalProperties": false,
      "type": "object"
      }
    }
  }
