{
  "$schema": "http://json-schema.org/draft-07/schema#",
  "title": "json-schema-model/maindoc/UBL-BillOfLading-2.3.json",
  "description": "\n  Library:           OASIS Universal Business Language (UBL) 2.3 OS\n                     http://docs.oasis-open.org/ubl/os-UBL-2.3/\n  Release Date:      15 June 2021\n  Module:            json-schema-model/maindoc/UBL-BillOfLading-2.3.json\n  Generated on:      2021-12-15 21:56z\n  Copyright (c) OASIS Open 2021. All Rights Reserved.\n\n\n  OASIS takes no position regarding the validity or scope of any \n  intellectual property or other rights that might be claimed to pertain \n  to the implementation or use of the technology described in this \n  document or the extent to which any license under such rights \n  might or might not be available; neither does it represent that it has \n  made any effort to identify any such rights. Information on OASIS's \n  procedures with respect to rights in OASIS specifications can be \n  found at the OASIS website. Copies of claims of rights made \n  available for publication and any assurances of licenses to be made \n  available, or the result of an attempt made to obtain a general \n  license or permission for the use of such proprietary rights by \n  implementors or users of this specification, can be obtained from \n  the OASIS Executive Director.\n\n  OASIS invites any interested party to bring to its attention any \n  copyrights, patents or patent applications, or other proprietary \n  rights which may cover technology that may be required to \n  implement this specification. Please address the information to the \n  OASIS Executive Director.\n  \n  This document and translations of it may be copied and furnished to \n  others, and derivative works that comment on or otherwise explain \n  it or assist in its implementation may be prepared, copied, \n  published and distributed, in whole or in part, without restriction of \n  any kind, provided that the above copyright notice and this \n  paragraph are included on all such copies and derivative works. \n  However, this document itself may not be modified in any way, \n  such as by removing the copyright notice or references to OASIS, \n  except as needed for the purpose of developing OASIS \n  specifications, in which case the procedures for copyrights defined \n  in the OASIS Intellectual Property Rights document must be \n  followed, or as required to translate it into languages other than \n  English. \n\n  The limited permissions granted above are perpetual and will not be \n  revoked by OASIS or its successors or assigns. \n\n  This document and the information contained herein is provided on \n  an \"AS IS\" basis and OASIS DISCLAIMS ALL WARRANTIES, \n  EXPRESS OR IMPLIED, INCLUDING BUT NOT LIMITED TO ANY \n  WARRANTY THAT THE USE OF THE INFORMATION HEREIN \n  WILL NOT INFRINGE ANY RIGHTS OR ANY IMPLIED \n  WARRANTIES OF MERCHANTABILITY OR FITNESS FOR A \n  PARTICULAR PURPOSE.    \n",
  "required": [
    "BillOfLading"
    ],
  "properties": {
    "_D": {
      "description": "Document ABIE XML namespace string",
      "type": "string"
      },
    "_A": {
      "description": "Library ABIE XML namespace string (for ASBIEs)",
      "type": "string"
      },
    "_B": {
      "description": "BBIE XML namespace string",
      "type": "string"
      },
    "_E": {
      "description": "Extension scaffolding XML namespace string",
      "type": "string"
      },
    "BillOfLading": {
      "description": "A document issued by the party who acts as an agent for a transportation carrier or other agents to the party who gives instructions for the transportation services (shipper, consignor, etc.) stating the details of the transportation, charges, and terms and conditions under which the transportation service is provided. The party issuing this document does not necessarily provide the physical transportation service. The information in the Bill of Lading corresponds to the information on the Forwarding Instructions. It is used for any mode of transport. A Bill of Lading can serve as a contractual document between the parties for the transportation service. The document evidences a contract of carriage by sea and the acceptance of responsibility for the goods by the carrier, by which the carrier undertakes to deliver the goods against surrender of the document. A provision in the document that the goods are to be delivered to the order of a named person, or to order, or to bearer, constitutes such an undertaking.",
      "$ref": "#/definitions/BillOfLading"
      }
    },
  "additionalProperties": false,
  "type": "object",
  "definitions": {
    "BillOfLading": {
      "title": "Bill Of Lading. Details",
      "description": "A document issued by the party who acts as an agent for a transportation carrier or other agents to the party who gives instructions for the transportation services (shipper, consignor, etc.) stating the details of the transportation, charges, and terms and conditions under which the transportation service is provided. The party issuing this document does not necessarily provide the physical transportation service. The information in the Bill of Lading corresponds to the information on the Forwarding Instructions. It is used for any mode of transport. A Bill of Lading can serve as a contractual document between the parties for the transportation service. The document evidences a contract of carriage by sea and the acceptance of responsibility for the goods by the carrier, by which the carrier undertakes to deliver the goods against surrender of the document. A provision in the document that the goods are to be delivered to the order of a named person, or to order, or to bearer, constitutes such an undertaking.",
      "required": [
        "ID"
        ],
      "properties": {

        "UBLExtensions": {
          "title": "UBLExtensions",
          "description": "An optional set of extensions to the committee model",
          "items": { 
            "$ref": "../common/UBL-CommonExtensionComponents-2.3.json#/definitions/UBLExtensions" },
          "maxItems": 1,
          "minItems": 1,
          "type": "array"
          },

        "UBLVersionID": {
          "title": "Bill Of Lading. UBL Version Identifier. Identifier",
          "description": "Identifies the earliest version of the UBL 2 schema for this document type that defines all of the elements that might be encountered in the current instance.",
          "$ref": "../common/UBL-CommonBasicComponents-2.3.json#/definitions/UBLVersionID"
          },
        "CustomizationID": {
          "title": "Bill Of Lading. Customization Identifier. Identifier",
          "description": "Identifies a user-defined customization of UBL for a specific use.",
          "$ref": "../common/UBL-CommonBasicComponents-2.3.json#/definitions/CustomizationID"
          },
        "ProfileID": {
          "title": "Bill Of Lading. Profile Identifier. Identifier",
          "description": "Identifies a user-defined profile of the customization of UBL being used.",
          "$ref": "../common/UBL-CommonBasicComponents-2.3.json#/definitions/ProfileID"
          },
        "ProfileExecutionID": {
          "title": "Bill Of Lading. Profile Execution Identifier. Identifier",
          "description": "Identifies an instance of executing a profile, to associate all transactions in a collaboration.",
          "$ref": "../common/UBL-CommonBasicComponents-2.3.json#/definitions/ProfileExecutionID"
          },
        "ID": {
          "title": "Bill Of Lading. Identifier",
          "description": "An identifier for this document, assigned by the sender.",
          "$ref": "../common/UBL-CommonBasicComponents-2.3.json#/definitions/ID"
          },
        "CarrierAssignedID": {
          "title": "Bill Of Lading. Carrier Assigned_ Identifier. Identifier",
          "description": "Reference number (such as a booking reference number) assigned by a carrier or its agent to identify a specific shipment when cargo space is reserved prior to loading.",
          "$ref": "../common/UBL-CommonBasicComponents-2.3.json#/definitions/CarrierAssignedID"
          },
        "UUID": {
          "title": "Bill Of Lading. UUID. Identifier",
          "description": "A universally unique identifier for an instance of this document.",
          "$ref": "../common/UBL-CommonBasicComponents-2.3.json#/definitions/UUID"
          },
        "IssueDate": {
          "title": "Bill Of Lading. Issue Date. Date",
          "description": "The date, assigned by the sender, on which this document was issued.",
          "$ref": "../common/UBL-CommonBasicComponents-2.3.json#/definitions/IssueDate"
          },
        "IssueTime": {
          "title": "Bill Of Lading. Issue Time. Time",
          "description": "The time, assigned by the sender, at which this document was issued.",
          "$ref": "../common/UBL-CommonBasicComponents-2.3.json#/definitions/IssueTime"
          },
        "Name": {
          "title": "Bill Of Lading. Name",
          "description": "Text, assigned by the sender, that identifies this document to business users.",
          "$ref": "../common/UBL-CommonBasicComponents-2.3.json#/definitions/Name"
          },
        "Description": {
          "title": "Bill Of Lading. Description. Text",
          "description": "Textual description of the document instance.",
          "items": {
            "$ref": "../common/UBL-CommonBasicComponents-2.3.json#/definitions/Description"
            },
          "minItems": 1,
          "type": "array"
          },
        "Note": {
          "title": "Bill Of Lading. Note. Text",
          "description": "Free-form text pertinent to this document, conveying information that is not contained explicitly in other structures.",
          "items": {
            "$ref": "../common/UBL-CommonBasicComponents-2.3.json#/definitions/Note"
            },
          "minItems": 1,
          "type": "array"
          },
        "DocumentStatusCode": {
          "title": "Bill Of Lading. Document Status Code. Code",
          "description": "A code signifying the status of the Bill Of Lading (revision, replacement, etc.).",
          "$ref": "../common/UBL-CommonBasicComponents-2.3.json#/definitions/DocumentStatusCode"
          },
        "ShippingOrderID": {
          "title": "Bill Of Lading. Shipping Order Identifier. Identifier",
          "description": "Reference number to identify a Shipping Order or Forwarding Instruction.",
          "$ref": "../common/UBL-CommonBasicComponents-2.3.json#/definitions/ShippingOrderID"
          },
        "ToOrderIndicator": {
          "title": "Bill Of Lading. To Order_ Indicator. Indicator",
          "description": "Indicates whether the transport document is consigned to order.",
          "$ref": "../common/UBL-CommonBasicComponents-2.3.json#/definitions/ToOrderIndicator"
          },
        "AdValoremIndicator": {
          "title": "Bill Of Lading. Ad Valorem_ Indicator. Indicator",
          "description": "A term used in commerce in reference to certain duties, called ad valorem duties, which are levied on commodities at certain rates per centum on their value.",
          "$ref": "../common/UBL-CommonBasicComponents-2.3.json#/definitions/AdValoremIndicator"
          },
        "DeclaredCarriageValueAmount": {
          "title": "Bill Of Lading. Declared Carriage_ Value. Amount",
          "description": "Value declared by the shipper or his agent solely for the purpose of varying the carrier's level of liability from that provided in the contract of carriage in case of loss or damage to goods or delayed delivery.",
          "$ref": "../common/UBL-CommonBasicComponents-2.3.json#/definitions/DeclaredCarriageValueAmount"
          },
        "OtherInstruction": {
          "title": "Bill Of Lading. Other_ Instruction. Text",
          "description": "Other free-text instructions to the forwarders or carriers related to the shipment. This element should only be used where such information cannot be represented in other structured information entities within the document.",
          "items": {
            "$ref": "../common/UBL-CommonBasicComponents-2.3.json#/definitions/OtherInstruction"
            },
          "minItems": 1,
          "type": "array"
          },
        "ConsignorParty": {
          "title": "Bill Of Lading. Consignor_ Party. Party",
          "description": "The party consigning goods as stipulated in the transport contract by the party ordering transport.",
          "$ref": "../common/UBL-CommonAggregateComponents-2.3.json#/definitions/ConsignorParty"
          },
        "CarrierParty": {
          "title": "Bill Of Lading. Carrier_ Party. Party",
          "description": "The party providing the transport of goods between named points.",
          "$ref": "../common/UBL-CommonAggregateComponents-2.3.json#/definitions/CarrierParty"
          },
        "FreightForwarderParty": {
          "title": "Bill Of Lading. Freight Forwarder_ Party. Party",
          "description": "A party combining individual smaller consignments into a single larger shipment (a so-called consolidated consignment or shipment) that is sent to a counterpart who mirrors the consolidator's activity by dividing the consolidated consignment into its original components.",
          "$ref": "../common/UBL-CommonAggregateComponents-2.3.json#/definitions/FreightForwarderParty"
          },
        "Shipment": {
          "title": "Bill Of Lading. Shipment",
          "description": "An identifiable collection of one or more goods items to be transported between the seller party and the buyer party.",
          "$ref": "../common/UBL-CommonAggregateComponents-2.3.json#/definitions/Shipment"
          },
        "DocumentReference": {
          "title": "Bill Of Lading. Document Reference",
          "description": "A reference to another document associated with this document.",
          "items": {
            "$ref": "../common/UBL-CommonAggregateComponents-2.3.json#/definitions/DocumentReference"
            },
          "minItems": 1,
          "type": "array"
          },
        "ExchangeRate": {
          "title": "Bill Of Lading. Exchange Rate",
          "description": "Information that directly relates to the rate of exchange (conversion) between two currencies.",
          "items": {
            "$ref": "../common/UBL-CommonAggregateComponents-2.3.json#/definitions/ExchangeRate"
            },
          "minItems": 1,
          "type": "array"
          },
        "DocumentDistribution": {
          "title": "Bill Of Lading. Document Distribution",
          "description": "A list of interested parties to whom this document is distributed.",
          "items": {
            "$ref": "../common/UBL-CommonAggregateComponents-2.3.json#/definitions/DocumentDistribution"
            },
          "minItems": 1,
          "type": "array"
          },
        "Signature": {
          "title": "Bill Of Lading. Signature",
          "description": "A signature applied to this document.",
          "items": {
            "$ref": "../common/UBL-CommonAggregateComponents-2.3.json#/definitions/Signature"
            },
          "minItems": 1,
          "type": "array"
          }
        },
      "additionalProperties": false,
      "type": "object"
      }
    }
  }
