{
  "$schema": "http://json-schema.org/draft-07/schema#",
  "title": "json-schema-model/maindoc/UBL-ImportCustomsDeclaration-2.3.json",
  "description": "\n  Library:           OASIS Universal Business Language (UBL) 2.3 OS\n                     http://docs.oasis-open.org/ubl/os-UBL-2.3/\n  Release Date:      15 June 2021\n  Module:            json-schema-model/maindoc/UBL-ImportCustomsDeclaration-2.3.json\n  Generated on:      2021-12-15 21:56z\n  Copyright (c) OASIS Open 2021. All Rights Reserved.\n\n\n  OASIS takes no position regarding the validity or scope of any \n  intellectual property or other rights that might be claimed to pertain \n  to the implementation or use of the technology described in this \n  document or the extent to which any license under such rights \n  might or might not be available; neither does it represent that it has \n  made any effort to identify any such rights. Information on OASIS's \n  procedures with respect to rights in OASIS specifications can be \n  found at the OASIS website. Copies of claims of rights made \n  available for publication and any assurances of licenses to be made \n  available, or the result of an attempt made to obtain a general \n  license or permission for the use of such proprietary rights by \n  implementors or users of this specification, can be obtained from \n  the OASIS Executive Director.\n\n  OASIS invites any interested party to bring to its attention any \n  copyrights, patents or patent applications, or other proprietary \n  rights which may cover technology that may be required to \n  implement this specification. Please address the information to the \n  OASIS Executive Director.\n  \n  This document and translations of it may be copied and furnished to \n  others, and derivative works that comment on or otherwise explain \n  it or assist in its implementation may be prepared, copied, \n  published and distributed, in whole or in part, without restriction of \n  any kind, provided that the above copyright notice and this \n  paragraph are included on all such copies and derivative works. \n  However, this document itself may not be modified in any way, \n  such as by removing the copyright notice or references to OASIS, \n  except as needed for the purpose of developing OASIS \n  specifications, in which case the procedures for copyrights defined \n  in the OASIS Intellectual Property Rights document must be \n  followed, or as required to translate it into languages other than \n  English. \n\n  The limited permissions granted above are perpetual and will not be \n  revoked by OASIS or its successors or assigns. \n\n  This document and the information contained herein is provided on \n  an \"AS IS\" basis and OASIS DISCLAIMS ALL WARRANTIES, \n  EXPRESS OR IMPLIED, INCLUDING BUT NOT LIMITED TO ANY \n  WARRANTY THAT THE USE OF THE INFORMATION HEREIN \n  WILL NOT INFRINGE ANY RIGHTS OR ANY IMPLIED \n  WARRANTIES OF MERCHANTABILITY OR FITNESS FOR A \n  PARTICULAR PURPOSE.    \n",
  "required": [
    "ImportCustomsDeclaration"
    ],
  "properties": {
    "_D": {
      "description": "Document ABIE XML namespace string",
      "type": "string"
      },
    "_A": {
      "description": "Library ABIE XML namespace string (for ASBIEs)",
      "type": "string"
      },
    "_B": {
      "description": "BBIE XML namespace string",
      "type": "string"
      },
    "_E": {
      "description": "Extension scaffolding XML namespace string",
      "type": "string"
      },
    "ImportCustomsDeclaration": {
      "description": "A customs declaration document for importing goods.",
      "$ref": "#/definitions/ImportCustomsDeclaration"
      }
    },
  "additionalProperties": false,
  "type": "object",
  "definitions": {
    "ImportCustomsDeclaration": {
      "title": "Import Customs Declaration. Details",
      "description": "A customs declaration document for importing goods.",
      "required": [
        "ID",
        "Shipment"
        ],
      "properties": {

        "UBLExtensions": {
          "title": "UBLExtensions",
          "description": "An optional set of extensions to the committee model",
          "items": { 
            "$ref": "../common/UBL-CommonExtensionComponents-2.3.json#/definitions/UBLExtensions" },
          "maxItems": 1,
          "minItems": 1,
          "type": "array"
          },

        "UBLVersionID": {
          "title": "Import Customs Declaration. UBL Version Identifier. Identifier",
          "description": "Identifies the earliest version of the UBL 2 schema for this document type that defines all of the elements that might be encountered in the current instance.",
          "$ref": "../common/UBL-CommonBasicComponents-2.3.json#/definitions/UBLVersionID"
          },
        "CustomizationID": {
          "title": "Import Customs Declaration. Customization Identifier. Identifier",
          "description": "Identifies a user-defined customization of UBL for a specific use.",
          "$ref": "../common/UBL-CommonBasicComponents-2.3.json#/definitions/CustomizationID"
          },
        "ProfileID": {
          "title": "Import Customs Declaration. Profile Identifier. Identifier",
          "description": "Identifies a user-defined profile of the customization of UBL being used.",
          "$ref": "../common/UBL-CommonBasicComponents-2.3.json#/definitions/ProfileID"
          },
        "ProfileExecutionID": {
          "title": "Import Customs Declaration. Profile Execution Identifier. Identifier",
          "description": "Identifies an instance of executing a profile, to associate all transactions in a collaboration.",
          "$ref": "../common/UBL-CommonBasicComponents-2.3.json#/definitions/ProfileExecutionID"
          },
        "ID": {
          "title": "Import Customs Declaration. Identifier",
          "description": "An identifier for this document.",
          "$ref": "../common/UBL-CommonBasicComponents-2.3.json#/definitions/ID"
          },
        "UUID": {
          "title": "Import Customs Declaration. UUID. Identifier",
          "description": "A universally unique identifier for an instance of this document.",
          "$ref": "../common/UBL-CommonBasicComponents-2.3.json#/definitions/UUID"
          },
        "IssueDate": {
          "title": "Import Customs Declaration. Issue Date. Date",
          "description": "The date, assigned by the sender, on which this document was issued.",
          "$ref": "../common/UBL-CommonBasicComponents-2.3.json#/definitions/IssueDate"
          },
        "IssueTime": {
          "title": "Import Customs Declaration. Issue Time. Time",
          "description": "The time, assigned by the sender, at which this document was issued.",
          "$ref": "../common/UBL-CommonBasicComponents-2.3.json#/definitions/IssueTime"
          },
        "TypeCode": {
          "title": "Import Customs Declaration. Type Code. Code",
          "description": "Code specifying the type of import.",
          "$ref": "../common/UBL-CommonBasicComponents-2.3.json#/definitions/TypeCode"
          },
        "SubTypeCode": {
          "title": "Import Customs Declaration. Sub_ Type Code. Code",
          "description": "Code specifying the subtype of import.",
          "$ref": "../common/UBL-CommonBasicComponents-2.3.json#/definitions/SubTypeCode"
          },
        "NatureOfTransactionCode": {
          "title": "Import Customs Declaration. Nature Of_ Transaction Code. Code",
          "description": "Code specifying the type of transactions for this import",
          "$ref": "../common/UBL-CommonBasicComponents-2.3.json#/definitions/NatureOfTransactionCode"
          },
        "Note": {
          "title": "Import Customs Declaration. Note. Text",
          "description": "Free-form text pertinent to this document, conveying information that is not contained explicitly in other structures.",
          "items": {
            "$ref": "../common/UBL-CommonBasicComponents-2.3.json#/definitions/Note"
            },
          "minItems": 1,
          "type": "array"
          },
        "VersionID": {
          "title": "Import Customs Declaration. Version. Identifier",
          "description": "Identifies a version of an Import Customs Declaration in order to distinguish updates.",
          "$ref": "../common/UBL-CommonBasicComponents-2.3.json#/definitions/VersionID"
          },
        "ValidityPeriod": {
          "title": "Import Customs Declaration. Validity_ Period. Period",
          "description": "A period, assigned by the issuer, during which the information in the declaration is valid.",
          "$ref": "../common/UBL-CommonAggregateComponents-2.3.json#/definitions/ValidityPeriod"
          },
        "CustomsExitOfficeLocation": {
          "title": "Import Customs Declaration. Customs Exit Office_ Location. Location",
          "description": "Customs exit office of the goods being declared.",
          "$ref": "../common/UBL-CommonAggregateComponents-2.3.json#/definitions/CustomsExitOfficeLocation"
          },
        "JurisdictionRegionAddress": {
          "title": "Import Customs Declaration. Jurisdiction Region_ Address. Address",
          "description": "A geographic area in which this declaration applies.",
          "$ref": "../common/UBL-CommonAggregateComponents-2.3.json#/definitions/JurisdictionRegionAddress"
          },
        "ImporterParty": {
          "title": "Import Customs Declaration. Importer_ Party. Party",
          "description": "The Party who makes the import declaration, or on whose behalf the import declaration is made, and who is the owner of the goods or has similar right of disposal over them at the time when the declaration is accepted.",
          "$ref": "../common/UBL-CommonAggregateComponents-2.3.json#/definitions/ImporterParty"
          },
        "ConsignorParty": {
          "title": "Import Customs Declaration. Consignor_ Party. Party",
          "description": "The Party responsible for the consignment",
          "$ref": "../common/UBL-CommonAggregateComponents-2.3.json#/definitions/ConsignorParty"
          },
        "ConsigneeParty": {
          "title": "Import Customs Declaration. Consignee_ Party. Party",
          "description": "The Party responsible for receiving the goods.",
          "$ref": "../common/UBL-CommonAggregateComponents-2.3.json#/definitions/ConsigneeParty"
          },
        "FreightForwarderParty": {
          "title": "Import Customs Declaration. Freight Forwarder_ Party. Party",
          "description": "The Party responsibe for the freight forwarding.",
          "$ref": "../common/UBL-CommonAggregateComponents-2.3.json#/definitions/FreightForwarderParty"
          },
        "CustomsParty": {
          "title": "Import Customs Declaration. Customs_ Party. Party",
          "description": "The authority who is legally responsible for processing the declaration.",
          "$ref": "../common/UBL-CommonAggregateComponents-2.3.json#/definitions/CustomsParty"
          },
        "NotifierParty": {
          "title": "Import Customs Declaration. Notifier_ Party. Party",
          "description": "The party responsible for contact on master level.",
          "$ref": "../common/UBL-CommonAggregateComponents-2.3.json#/definitions/NotifierParty"
          },
        "Shipment": {
          "title": "Import Customs Declaration. Shipment",
          "description": "The shipment related to this trade certificate",
          "$ref": "../common/UBL-CommonAggregateComponents-2.3.json#/definitions/Shipment"
          },
        "PreviousCustomsDeclaration": {
          "title": "Import Customs Declaration. Previous_ Customs Declaration. Customs Declaration",
          "description": "A reference to a previously sent customs declaration.",
          "$ref": "../common/UBL-CommonAggregateComponents-2.3.json#/definitions/PreviousCustomsDeclaration"
          },
        "AdditionalDocumentReference": {
          "title": "Import Customs Declaration. Additional_ Document Reference. Document Reference",
          "description": "A reference to additional documents related to or relevant for this customs declaration.",
          "items": {
            "$ref": "../common/UBL-CommonAggregateComponents-2.3.json#/definitions/AdditionalDocumentReference"
            },
          "minItems": 1,
          "type": "array"
          },
        "Signature": {
          "title": "Import Customs Declaration. Signature",
          "description": "A signature applied to this document.",
          "items": {
            "$ref": "../common/UBL-CommonAggregateComponents-2.3.json#/definitions/Signature"
            },
          "minItems": 1,
          "type": "array"
          }
        },
      "additionalProperties": false,
      "type": "object"
      }
    }
  }
