{
  "$schema": "http://json-schema.org/draft-07/schema#",
  "title": "json-schema-model/maindoc/UBL-FreightInvoice-2.3.json",
  "description": "\n  Library:           OASIS Universal Business Language (UBL) 2.3 OS\n                     http://docs.oasis-open.org/ubl/os-UBL-2.3/\n  Release Date:      15 June 2021\n  Module:            json-schema-model/maindoc/UBL-FreightInvoice-2.3.json\n  Generated on:      2021-12-15 21:56z\n  Copyright (c) OASIS Open 2021. All Rights Reserved.\n\n\n  OASIS takes no position regarding the validity or scope of any \n  intellectual property or other rights that might be claimed to pertain \n  to the implementation or use of the technology described in this \n  document or the extent to which any license under such rights \n  might or might not be available; neither does it represent that it has \n  made any effort to identify any such rights. Information on OASIS's \n  procedures with respect to rights in OASIS specifications can be \n  found at the OASIS website. Copies of claims of rights made \n  available for publication and any assurances of licenses to be made \n  available, or the result of an attempt made to obtain a general \n  license or permission for the use of such proprietary rights by \n  implementors or users of this specification, can be obtained from \n  the OASIS Executive Director.\n\n  OASIS invites any interested party to bring to its attention any \n  copyrights, patents or patent applications, or other proprietary \n  rights which may cover technology that may be required to \n  implement this specification. Please address the information to the \n  OASIS Executive Director.\n  \n  This document and translations of it may be copied and furnished to \n  others, and derivative works that comment on or otherwise explain \n  it or assist in its implementation may be prepared, copied, \n  published and distributed, in whole or in part, without restriction of \n  any kind, provided that the above copyright notice and this \n  paragraph are included on all such copies and derivative works. \n  However, this document itself may not be modified in any way, \n  such as by removing the copyright notice or references to OASIS, \n  except as needed for the purpose of developing OASIS \n  specifications, in which case the procedures for copyrights defined \n  in the OASIS Intellectual Property Rights document must be \n  followed, or as required to translate it into languages other than \n  English. \n\n  The limited permissions granted above are perpetual and will not be \n  revoked by OASIS or its successors or assigns. \n\n  This document and the information contained herein is provided on \n  an \"AS IS\" basis and OASIS DISCLAIMS ALL WARRANTIES, \n  EXPRESS OR IMPLIED, INCLUDING BUT NOT LIMITED TO ANY \n  WARRANTY THAT THE USE OF THE INFORMATION HEREIN \n  WILL NOT INFRINGE ANY RIGHTS OR ANY IMPLIED \n  WARRANTIES OF MERCHANTABILITY OR FITNESS FOR A \n  PARTICULAR PURPOSE.    \n",
  "required": [
    "FreightInvoice"
    ],
  "properties": {
    "_D": {
      "description": "Document ABIE XML namespace string",
      "type": "string"
      },
    "_A": {
      "description": "Library ABIE XML namespace string (for ASBIEs)",
      "type": "string"
      },
    "_B": {
      "description": "BBIE XML namespace string",
      "type": "string"
      },
    "_E": {
      "description": "Extension scaffolding XML namespace string",
      "type": "string"
      },
    "FreightInvoice": {
      "description": "A document stating the charges incurred for a logistics service.",
      "$ref": "#/definitions/FreightInvoice"
      }
    },
  "additionalProperties": false,
  "type": "object",
  "definitions": {
    "FreightInvoice": {
      "title": "Freight Invoice. Details",
      "description": "A document stating the charges incurred for a logistics service.",
      "required": [
        "ID",
        "IssueDate",
        "Shipment",
        "AccountingSupplierParty",
        "AccountingCustomerParty",
        "LegalMonetaryTotal",
        "InvoiceLine"
        ],
      "properties": {

        "UBLExtensions": {
          "title": "UBLExtensions",
          "description": "An optional set of extensions to the committee model",
          "items": { 
            "$ref": "../common/UBL-CommonExtensionComponents-2.3.json#/definitions/UBLExtensions" },
          "maxItems": 1,
          "minItems": 1,
          "type": "array"
          },

        "UBLVersionID": {
          "title": "Freight Invoice. UBL Version Identifier. Identifier",
          "description": "Identifies the earliest version of the UBL 2 schema for this document type that defines all of the elements that might be encountered in the current instance.",
          "$ref": "../common/UBL-CommonBasicComponents-2.3.json#/definitions/UBLVersionID"
          },
        "CustomizationID": {
          "title": "Freight Invoice. Customization Identifier. Identifier",
          "description": "Identifies a user-defined customization of UBL for a specific use.",
          "$ref": "../common/UBL-CommonBasicComponents-2.3.json#/definitions/CustomizationID"
          },
        "ProfileID": {
          "title": "Freight Invoice. Profile Identifier. Identifier",
          "description": "Identifies a user-defined profile of the customization of UBL being used.",
          "$ref": "../common/UBL-CommonBasicComponents-2.3.json#/definitions/ProfileID"
          },
        "ProfileExecutionID": {
          "title": "Freight Invoice. Profile Execution Identifier. Identifier",
          "description": "Identifies an instance of executing a profile, to associate all transactions in a collaboration.",
          "$ref": "../common/UBL-CommonBasicComponents-2.3.json#/definitions/ProfileExecutionID"
          },
        "ID": {
          "title": "Freight Invoice. Identifier",
          "description": "An identifier for this document, assigned by the sender.",
          "$ref": "../common/UBL-CommonBasicComponents-2.3.json#/definitions/ID"
          },
        "CopyIndicator": {
          "title": "Freight Invoice. Copy_ Indicator. Indicator",
          "description": "Indicates whether this document is a copy (true) or not (false).",
          "$ref": "../common/UBL-CommonBasicComponents-2.3.json#/definitions/CopyIndicator"
          },
        "UUID": {
          "title": "Freight Invoice. UUID. Identifier",
          "description": "A universally unique identifier for an instance of this document.",
          "$ref": "../common/UBL-CommonBasicComponents-2.3.json#/definitions/UUID"
          },
        "IssueDate": {
          "title": "Freight Invoice. Issue Date. Date",
          "description": "The date, assigned by the sender, on which this document was issued.",
          "$ref": "../common/UBL-CommonBasicComponents-2.3.json#/definitions/IssueDate"
          },
        "IssueTime": {
          "title": "Freight Invoice. Issue Time. Time",
          "description": "The time, assigned by the sender, at which this document was issued.",
          "$ref": "../common/UBL-CommonBasicComponents-2.3.json#/definitions/IssueTime"
          },
        "DueDate": {
          "title": "Freight Invoice. Due Date. Date",
          "description": "The date on which Invoice is due.",
          "$ref": "../common/UBL-CommonBasicComponents-2.3.json#/definitions/DueDate"
          },
        "InvoiceTypeCode": {
          "title": "Freight Invoice. Invoice Type Code. Code",
          "description": "A code signifying the type of the Freight Invoice.",
          "$ref": "../common/UBL-CommonBasicComponents-2.3.json#/definitions/InvoiceTypeCode"
          },
        "Note": {
          "title": "Freight Invoice. Note. Text",
          "description": "Free-form text pertinent to this document, conveying information that is not contained explicitly in other structures.",
          "items": {
            "$ref": "../common/UBL-CommonBasicComponents-2.3.json#/definitions/Note"
            },
          "minItems": 1,
          "type": "array"
          },
        "TaxPointDate": {
          "title": "Freight Invoice. Tax Point Date. Date",
          "description": "The date of the Freight Invoice, used to indicate the point at which tax becomes applicable.",
          "$ref": "../common/UBL-CommonBasicComponents-2.3.json#/definitions/TaxPointDate"
          },
        "DocumentCurrencyCode": {
          "title": "Freight Invoice. Document_ Currency Code. Code",
          "description": "A code signifying the default currency for this document.",
          "$ref": "../common/UBL-CommonBasicComponents-2.3.json#/definitions/DocumentCurrencyCode"
          },
        "TaxCurrencyCode": {
          "title": "Freight Invoice. Tax_ Currency Code. Code",
          "description": "A code signifying the currency used for tax amounts in the Freight Invoice.",
          "$ref": "../common/UBL-CommonBasicComponents-2.3.json#/definitions/TaxCurrencyCode"
          },
        "PricingCurrencyCode": {
          "title": "Freight Invoice. Pricing_ Currency Code. Code",
          "description": "A code signifying the currency used for prices in the Freight Invoice.",
          "$ref": "../common/UBL-CommonBasicComponents-2.3.json#/definitions/PricingCurrencyCode"
          },
        "PaymentCurrencyCode": {
          "title": "Freight Invoice. Payment_ Currency Code. Code",
          "description": "A code signifying the currency used for payment in the Freight Invoice.",
          "$ref": "../common/UBL-CommonBasicComponents-2.3.json#/definitions/PaymentCurrencyCode"
          },
        "PaymentAlternativeCurrencyCode": {
          "title": "Freight Invoice. Payment Alternative_ Currency Code. Code",
          "description": "A code signifying the alternative currency used for payment in the Freight Invoice.",
          "$ref": "../common/UBL-CommonBasicComponents-2.3.json#/definitions/PaymentAlternativeCurrencyCode"
          },
        "AccountingCostCode": {
          "title": "Freight Invoice. Accounting Cost Code. Code",
          "description": "The buyer's accounting code, applied to the Freight Invoice as a whole.",
          "$ref": "../common/UBL-CommonBasicComponents-2.3.json#/definitions/AccountingCostCode"
          },
        "AccountingCost": {
          "title": "Freight Invoice. Accounting Cost. Text",
          "description": "The buyer's accounting cost centre, applied to the Freight Invoice as a whole, expressed as text.",
          "$ref": "../common/UBL-CommonBasicComponents-2.3.json#/definitions/AccountingCost"
          },
        "LineCountNumeric": {
          "title": "Freight Invoice. Line Count. Numeric",
          "description": "The number of Invoice Lines in the document.",
          "$ref": "../common/UBL-CommonBasicComponents-2.3.json#/definitions/LineCountNumeric"
          },
        "InvoicePeriod": {
          "title": "Freight Invoice. Invoice_ Period. Period",
          "description": "The time periods to which the Freight Invoice applies.",
          "items": {
            "$ref": "../common/UBL-CommonAggregateComponents-2.3.json#/definitions/InvoicePeriod"
            },
          "minItems": 1,
          "type": "array"
          },
        "Shipment": {
          "title": "Freight Invoice. Shipment",
          "description": "Details about one or more shipments covered by this Freight Invoice.",
          "items": {
            "$ref": "../common/UBL-CommonAggregateComponents-2.3.json#/definitions/Shipment"
            },
          "minItems": 1,
          "type": "array"
          },
        "OrderReference": {
          "title": "Freight Invoice. Order Reference",
          "description": "Reference to an Order associated with this Freight Invoice.",
          "$ref": "../common/UBL-CommonAggregateComponents-2.3.json#/definitions/OrderReference"
          },
        "BillingReference": {
          "title": "Freight Invoice. Billing Reference",
          "description": "A reference to a billing document associated with this document.",
          "items": {
            "$ref": "../common/UBL-CommonAggregateComponents-2.3.json#/definitions/BillingReference"
            },
          "minItems": 1,
          "type": "array"
          },
        "DespatchDocumentReference": {
          "title": "Freight Invoice. Despatch_ Document Reference. Document Reference",
          "description": "A reference to a Despatch Advice associated with this document.",
          "items": {
            "$ref": "../common/UBL-CommonAggregateComponents-2.3.json#/definitions/DespatchDocumentReference"
            },
          "minItems": 1,
          "type": "array"
          },
        "ReceiptDocumentReference": {
          "title": "Freight Invoice. Receipt_ Document Reference. Document Reference",
          "description": "A reference to a Receipt Advice associated with this document.",
          "items": {
            "$ref": "../common/UBL-CommonAggregateComponents-2.3.json#/definitions/ReceiptDocumentReference"
            },
          "minItems": 1,
          "type": "array"
          },
        "OriginatorDocumentReference": {
          "title": "Freight Invoice. Originator_ Document Reference. Document Reference",
          "description": "A reference to an originator document associated with this document.",
          "items": {
            "$ref": "../common/UBL-CommonAggregateComponents-2.3.json#/definitions/OriginatorDocumentReference"
            },
          "minItems": 1,
          "type": "array"
          },
        "ContractDocumentReference": {
          "title": "Freight Invoice. Contract_ Document Reference. Document Reference",
          "description": "A reference to a contract associated with this document.",
          "items": {
            "$ref": "../common/UBL-CommonAggregateComponents-2.3.json#/definitions/ContractDocumentReference"
            },
          "minItems": 1,
          "type": "array"
          },
        "AdditionalDocumentReference": {
          "title": "Freight Invoice. Additional_ Document Reference. Document Reference",
          "description": "A reference to an additional document associated with this document.",
          "items": {
            "$ref": "../common/UBL-CommonAggregateComponents-2.3.json#/definitions/AdditionalDocumentReference"
            },
          "minItems": 1,
          "type": "array"
          },
        "ProjectReference": {
          "title": "Freight Invoice. Project Reference",
          "description": "A reference to a project associated with this document.",
          "items": {
            "$ref": "../common/UBL-CommonAggregateComponents-2.3.json#/definitions/ProjectReference"
            },
          "minItems": 1,
          "type": "array"
          },
        "Signature": {
          "title": "Freight Invoice. Signature",
          "description": "A signature applied to this document.",
          "items": {
            "$ref": "../common/UBL-CommonAggregateComponents-2.3.json#/definitions/Signature"
            },
          "minItems": 1,
          "type": "array"
          },
        "AccountingSupplierParty": {
          "title": "Freight Invoice. Accounting_ Supplier Party. Supplier Party",
          "description": "The accounting supplier party.",
          "$ref": "../common/UBL-CommonAggregateComponents-2.3.json#/definitions/AccountingSupplierParty"
          },
        "AccountingCustomerParty": {
          "title": "Freight Invoice. Accounting_ Customer Party. Customer Party",
          "description": "The accounting customer party.",
          "$ref": "../common/UBL-CommonAggregateComponents-2.3.json#/definitions/AccountingCustomerParty"
          },
        "PayeeParty": {
          "title": "Freight Invoice. Payee_ Party. Party",
          "description": "The payee.",
          "$ref": "../common/UBL-CommonAggregateComponents-2.3.json#/definitions/PayeeParty"
          },
        "TaxRepresentativeParty": {
          "title": "Freight Invoice. Tax Representative_ Party. Party",
          "description": "The tax representative.",
          "$ref": "../common/UBL-CommonAggregateComponents-2.3.json#/definitions/TaxRepresentativeParty"
          },
        "PaymentMeans": {
          "title": "Freight Invoice. Payment Means",
          "description": "Expected means of payment.",
          "items": {
            "$ref": "../common/UBL-CommonAggregateComponents-2.3.json#/definitions/PaymentMeans"
            },
          "minItems": 1,
          "type": "array"
          },
        "PaymentTerms": {
          "title": "Freight Invoice. Payment Terms",
          "description": "A set of payment terms associated with this document.",
          "items": {
            "$ref": "../common/UBL-CommonAggregateComponents-2.3.json#/definitions/PaymentTerms"
            },
          "minItems": 1,
          "type": "array"
          },
        "PrepaidPayment": {
          "title": "Freight Invoice. Prepaid_ Payment. Payment",
          "description": "A prepaid payment.",
          "items": {
            "$ref": "../common/UBL-CommonAggregateComponents-2.3.json#/definitions/PrepaidPayment"
            },
          "minItems": 1,
          "type": "array"
          },
        "AllowanceCharge": {
          "title": "Freight Invoice. Allowance Charge",
          "description": "A discount or charge that applies to a price component.",
          "items": {
            "$ref": "../common/UBL-CommonAggregateComponents-2.3.json#/definitions/AllowanceCharge"
            },
          "minItems": 1,
          "type": "array"
          },
        "TaxExchangeRate": {
          "title": "Freight Invoice. Tax_ Exchange Rate. Exchange Rate",
          "description": "The exchange rate between the document currency and the tax currency.",
          "$ref": "../common/UBL-CommonAggregateComponents-2.3.json#/definitions/TaxExchangeRate"
          },
        "PricingExchangeRate": {
          "title": "Freight Invoice. Pricing_ Exchange Rate. Exchange Rate",
          "description": "The exchange rate between the document currency and the pricing currency.",
          "$ref": "../common/UBL-CommonAggregateComponents-2.3.json#/definitions/PricingExchangeRate"
          },
        "PaymentExchangeRate": {
          "title": "Freight Invoice. Payment_ Exchange Rate. Exchange Rate",
          "description": "The exchange rate between the document currency and the payment currency.",
          "$ref": "../common/UBL-CommonAggregateComponents-2.3.json#/definitions/PaymentExchangeRate"
          },
        "PaymentAlternativeExchangeRate": {
          "title": "Freight Invoice. Payment Alternative_ Exchange Rate. Exchange Rate",
          "description": "The exchange rate between the document currency and the payment alternative currency.",
          "$ref": "../common/UBL-CommonAggregateComponents-2.3.json#/definitions/PaymentAlternativeExchangeRate"
          },
        "TaxTotal": {
          "title": "Freight Invoice. Tax Total",
          "description": "The total amount of a specific type of tax.",
          "items": {
            "$ref": "../common/UBL-CommonAggregateComponents-2.3.json#/definitions/TaxTotal"
            },
          "minItems": 1,
          "type": "array"
          },
        "WithholdingTaxTotal": {
          "title": "Freight Invoice. Withholding_ Tax Total. Tax Total",
          "description": "The total withholding tax.",
          "items": {
            "$ref": "../common/UBL-CommonAggregateComponents-2.3.json#/definitions/WithholdingTaxTotal"
            },
          "minItems": 1,
          "type": "array"
          },
        "LegalMonetaryTotal": {
          "title": "Freight Invoice. Legal_ Monetary Total. Monetary Total",
          "description": "The total amount payable on the Freight Invoice, including Allowances, Charges, and Taxes.",
          "$ref": "../common/UBL-CommonAggregateComponents-2.3.json#/definitions/LegalMonetaryTotal"
          },
        "InvoiceLine": {
          "title": "Freight Invoice. Invoice Line",
          "description": "An Invoice Line.",
          "items": {
            "$ref": "../common/UBL-CommonAggregateComponents-2.3.json#/definitions/InvoiceLine"
            },
          "minItems": 1,
          "type": "array"
          }
        },
      "additionalProperties": false,
      "type": "object"
      }
    }
  }
