/*
 * #%L
 * de.metas.business
 * %%
 * Copyright (C) 2023 metas GmbH
 * %%
 * This program is free software: you can redistribute it and/or modify
 * it under the terms of the GNU General Public License as
 * published by the Free Software Foundation, either version 2 of the
 * License, or (at your option) any later version.
 *
 * This program is distributed in the hope that it will be useful,
 * but WITHOUT ANY WARRANTY; without even the implied warranty of
 * MERCHANTABILITY or FITNESS FOR A PARTICULAR PURPOSE. See the
 * GNU General Public License for more details.
 *
 * You should have received a copy of the GNU General Public
 * License along with this program. If not, see
 * <http://www.gnu.org/licenses/gpl-2.0.html>.
 * #L%
 */

INSERT INTO public.ad_role (ad_role_id, ad_client_id, ad_org_id, isactive, created, createdby, updated, name, updatedby, description, userlevel, c_currency_id, amtapproval, ad_tree_menu_id, ismanual, isshowacct, ispersonallock, ispersonalaccess, iscanexport, iscanreport, supervisor_id, iscanapproveowndoc, isaccessallorgs, ischangelog, preferencetype, overwritepricelimit, isuseuserorgaccess, ad_tree_org_id, confirmqueryrecords, maxqueryrecords, connectionprofile, allow_info_account, allow_info_asset, allow_info_bpartner, allow_info_cashjournal, allow_info_inout, allow_info_invoice, allow_info_order, allow_info_payment, allow_info_product, allow_info_resource, allow_info_schedule, userdiscount, allow_info_mrp, allow_info_crp, isdiscountuptolimitprice, isdiscountallowedontotal, isautorolelogin, ismenuavailable, isorgloginmandatory, login_org_id, ad_form_id, isallowlogindateoverride, isrolealwaysusebetafunctions, isshowallentitytypes, seqno, root_menu_id, webui_role, isallowedtrlbox, isallowedmigrationscripts, isallowedinvoicingpriority, isattachmentdeletionallowed) VALUES (1000045, 1000000, 1000000, 'Y', '2021-11-30 16:10:02.000000 +01:00', 2188225, '2022-05-05 16:24:32.000000 +02:00', 'eCommerce_admin', 2188225, null, '_CO', 318, 0, null, 'Y', 'N', 'N', 'N', 'Y', 'Y', null, 'N', 'Y', 'Y', 'O', 'N', 'N', null, 0, 0, null, 'N', 'N', 'N', 'N', 'N', 'N', 'N', 'N', 'Y', 'N', 'N', null, 'Y', 'Y', 'N', 'N', 'N', 'Y', 'N', null, null, 'N', 'Y', 'N', 20, 1000007, 'Y', 'N', 'N', 'N', 'N');
INSERT INTO public.ad_role (ad_role_id, ad_client_id, ad_org_id, isactive, created, createdby, updated, name, updatedby, description, userlevel, c_currency_id, amtapproval, ad_tree_menu_id, ismanual, isshowacct, ispersonallock, ispersonalaccess, iscanexport, iscanreport, supervisor_id, iscanapproveowndoc, isaccessallorgs, ischangelog, preferencetype, overwritepricelimit, isuseuserorgaccess, ad_tree_org_id, confirmqueryrecords, maxqueryrecords, connectionprofile, allow_info_account, allow_info_asset, allow_info_bpartner, allow_info_cashjournal, allow_info_inout, allow_info_invoice, allow_info_order, allow_info_payment, allow_info_product, allow_info_resource, allow_info_schedule, userdiscount, allow_info_mrp, allow_info_crp, isdiscountuptolimitprice, isdiscountallowedontotal, isautorolelogin, ismenuavailable, isorgloginmandatory, login_org_id, ad_form_id, isallowlogindateoverride, isrolealwaysusebetafunctions, isshowallentitytypes, seqno, root_menu_id, webui_role, isallowedtrlbox, isallowedmigrationscripts, isallowedinvoicingpriority, isattachmentdeletionallowed) VALUES (1000044, 1000000, 1000000, 'Y', '2021-07-07 21:13:15.000000 +02:00', 100, '2021-07-07 21:15:38.000000 +02:00', 'eCommerce_produkte', 100, null, '_CO', 318, 0, null, 'Y', 'N', 'N', 'N', 'Y', 'Y', null, 'N', 'Y', 'Y', 'O', 'N', 'N', null, 0, 0, null, 'N', 'N', 'N', 'N', 'N', 'N', 'N', 'N', 'Y', 'N', 'N', null, 'Y', 'Y', 'N', 'N', 'N', 'Y', 'N', null, null, 'N', 'N', 'N', 10, 1000007, 'Y', 'N', 'N', 'N', 'N');
INSERT INTO public.ad_role (ad_role_id, ad_client_id, ad_org_id, isactive, created, createdby, updated, name, updatedby, description, userlevel, c_currency_id, amtapproval, ad_tree_menu_id, ismanual, isshowacct, ispersonallock, ispersonalaccess, iscanexport, iscanreport, supervisor_id, iscanapproveowndoc, isaccessallorgs, ischangelog, preferencetype, overwritepricelimit, isuseuserorgaccess, ad_tree_org_id, confirmqueryrecords, maxqueryrecords, connectionprofile, allow_info_account, allow_info_asset, allow_info_bpartner, allow_info_cashjournal, allow_info_inout, allow_info_invoice, allow_info_order, allow_info_payment, allow_info_product, allow_info_resource, allow_info_schedule, userdiscount, allow_info_mrp, allow_info_crp, isdiscountuptolimitprice, isdiscountallowedontotal, isautorolelogin, ismenuavailable, isorgloginmandatory, login_org_id, ad_form_id, isallowlogindateoverride, isrolealwaysusebetafunctions, isshowallentitytypes, seqno, root_menu_id, webui_role, isallowedtrlbox, isallowedmigrationscripts, isallowedinvoicingpriority, isattachmentdeletionallowed) VALUES (1000046, 1000000, 1000000, 'Y', '2022-01-28 12:54:22.000000 +01:00', 100, '2022-01-28 12:54:22.000000 +01:00', 'x_Einkauf', 100, null, '_CO', 318, 0, null, 'Y', 'N', 'N', 'N', 'Y', 'Y', null, 'N', 'Y', 'Y', 'O', 'N', 'N', null, 0, 0, null, 'N', 'N', 'N', 'N', 'N', 'N', 'N', 'N', 'Y', 'N', 'N', null, 'Y', 'Y', 'N', 'N', 'N', 'Y', 'N', null, null, 'N', 'N', 'N', 80, 1000007, 'Y', 'N', 'N', 'N', 'N');
UPDATE public.ad_role SET ad_client_id = 1000000, ad_org_id = 0, isactive = 'Y', created = '2015-11-05 20:39:08.000000 +01:00', createdby = 100, updated = '2021-07-09 10:00:39.000000 +02:00', name = 'x_Stammdaten_Preise', updatedby = 2188225, description = null, userlevel = '__O', c_currency_id = 318, amtapproval = 0, ad_tree_menu_id = null, ismanual = 'Y', isshowacct = 'N', ispersonallock = 'N', ispersonalaccess = 'N', iscanexport = 'N', iscanreport = 'N', supervisor_id = null, iscanapproveowndoc = 'N', isaccessallorgs = 'N', ischangelog = 'N', preferencetype = 'O', overwritepricelimit = 'N', isuseuserorgaccess = 'N', ad_tree_org_id = null, confirmqueryrecords = 0, maxqueryrecords = 0, connectionprofile = null, allow_info_account = 'N', allow_info_asset = 'N', allow_info_bpartner = 'N', allow_info_cashjournal = 'N', allow_info_inout = 'N', allow_info_invoice = 'N', allow_info_order = 'N', allow_info_payment = 'N', allow_info_product = 'N', allow_info_resource = 'N', allow_info_schedule = 'N', userdiscount = 0.00, allow_info_mrp = 'N', allow_info_crp = 'N', isdiscountuptolimitprice = 'N', isdiscountallowedontotal = 'N', isautorolelogin = 'N', ismenuavailable = 'N', isorgloginmandatory = 'N', login_org_id = null, ad_form_id = null, isallowlogindateoverride = 'N', isrolealwaysusebetafunctions = 'N', isshowallentitytypes = 'N', seqno = null, root_menu_id = null, webui_role = 'Y', isallowedtrlbox = 'Y', isallowedmigrationscripts = 'N', isallowedinvoicingpriority = 'N', isattachmentdeletionallowed = 'N' WHERE ad_role_id = 1000041;
UPDATE public.ad_role SET ad_client_id = 1000000, ad_org_id = 0, isactive = 'Y', created = '2015-11-12 19:45:10.000000 +01:00', createdby = 100, updated = '2021-12-23 11:17:47.000000 +01:00', name = 'x_Lieferdispo', updatedby = 100, description = null, userlevel = '__O', c_currency_id = 318, amtapproval = 0, ad_tree_menu_id = null, ismanual = 'Y', isshowacct = 'N', ispersonallock = 'N', ispersonalaccess = 'N', iscanexport = 'Y', iscanreport = 'Y', supervisor_id = null, iscanapproveowndoc = 'N', isaccessallorgs = 'N', ischangelog = 'N', preferencetype = 'O', overwritepricelimit = 'N', isuseuserorgaccess = 'N', ad_tree_org_id = null, confirmqueryrecords = 0, maxqueryrecords = 0, connectionprofile = null, allow_info_account = 'N', allow_info_asset = 'N', allow_info_bpartner = 'N', allow_info_cashjournal = 'N', allow_info_inout = 'N', allow_info_invoice = 'N', allow_info_order = 'N', allow_info_payment = 'N', allow_info_product = 'Y', allow_info_resource = 'N', allow_info_schedule = 'N', userdiscount = 0.00, allow_info_mrp = 'Y', allow_info_crp = 'Y', isdiscountuptolimitprice = 'N', isdiscountallowedontotal = 'N', isautorolelogin = 'N', ismenuavailable = 'Y', isorgloginmandatory = 'N', login_org_id = null, ad_form_id = null, isallowlogindateoverride = 'N', isrolealwaysusebetafunctions = 'N', isshowallentitytypes = 'N', seqno = null, root_menu_id = null, webui_role = 'Y', isallowedtrlbox = 'Y', isallowedmigrationscripts = 'N', isallowedinvoicingpriority = 'N', isattachmentdeletionallowed = 'N' WHERE ad_role_id = 540018;
UPDATE public.ad_role SET ad_client_id = 1000000, ad_org_id = 0, isactive = 'Y', created = '2015-11-05 20:38:37.000000 +01:00', createdby = 100, updated = '2021-12-29 22:27:16.000000 +01:00', name = 'x_Stammdaten_Partner', updatedby = 100, description = null, userlevel = '__O', c_currency_id = 318, amtapproval = 0, ad_tree_menu_id = null, ismanual = 'Y', isshowacct = 'N', ispersonallock = 'N', ispersonalaccess = 'N', iscanexport = 'N', iscanreport = 'N', supervisor_id = null, iscanapproveowndoc = 'N', isaccessallorgs = 'N', ischangelog = 'N', preferencetype = 'O', overwritepricelimit = 'N', isuseuserorgaccess = 'N', ad_tree_org_id = null, confirmqueryrecords = 0, maxqueryrecords = 0, connectionprofile = null, allow_info_account = 'N', allow_info_asset = 'N', allow_info_bpartner = 'N', allow_info_cashjournal = 'N', allow_info_inout = 'N', allow_info_invoice = 'N', allow_info_order = 'N', allow_info_payment = 'N', allow_info_product = 'N', allow_info_resource = 'N', allow_info_schedule = 'N', userdiscount = 0.00, allow_info_mrp = 'N', allow_info_crp = 'N', isdiscountuptolimitprice = 'N', isdiscountallowedontotal = 'N', isautorolelogin = 'N', ismenuavailable = 'N', isorgloginmandatory = 'N', login_org_id = null, ad_form_id = null, isallowlogindateoverride = 'N', isrolealwaysusebetafunctions = 'N', isshowallentitytypes = 'N', seqno = null, root_menu_id = null, webui_role = 'Y', isallowedtrlbox = 'Y', isallowedmigrationscripts = 'N', isallowedinvoicingpriority = 'N', isattachmentdeletionallowed = 'N' WHERE ad_role_id = 1000040;
UPDATE public.ad_role SET ad_client_id = 1000000, ad_org_id = 0, isactive = 'Y', created = '2015-11-05 14:09:17.000000 +01:00', createdby = 100, updated = '2021-12-23 11:17:05.000000 +01:00', name = 'x_Auftrag', updatedby = 100, description = null, userlevel = '__O', c_currency_id = 318, amtapproval = 0, ad_tree_menu_id = null, ismanual = 'Y', isshowacct = 'N', ispersonallock = 'N', ispersonalaccess = 'N', iscanexport = 'N', iscanreport = 'N', supervisor_id = null, iscanapproveowndoc = 'N', isaccessallorgs = 'N', ischangelog = 'N', preferencetype = 'O', overwritepricelimit = 'N', isuseuserorgaccess = 'N', ad_tree_org_id = null, confirmqueryrecords = 0, maxqueryrecords = 0, connectionprofile = null, allow_info_account = 'N', allow_info_asset = 'N', allow_info_bpartner = 'N', allow_info_cashjournal = 'N', allow_info_inout = 'N', allow_info_invoice = 'N', allow_info_order = 'N', allow_info_payment = 'N', allow_info_product = 'N', allow_info_resource = 'N', allow_info_schedule = 'N', userdiscount = 0.00, allow_info_mrp = 'N', allow_info_crp = 'N', isdiscountuptolimitprice = 'N', isdiscountallowedontotal = 'N', isautorolelogin = 'N', ismenuavailable = 'N', isorgloginmandatory = 'N', login_org_id = null, ad_form_id = null, isallowlogindateoverride = 'N', isrolealwaysusebetafunctions = 'N', isshowallentitytypes = 'N', seqno = null, root_menu_id = null, webui_role = 'Y', isallowedtrlbox = 'Y', isallowedmigrationscripts = 'N', isallowedinvoicingpriority = 'N', isattachmentdeletionallowed = 'N' WHERE ad_role_id = 1000034;
UPDATE public.ad_role SET ad_client_id = 1000000, ad_org_id = 0, isactive = 'Y', created = '2015-11-05 14:31:33.000000 +01:00', createdby = 100, updated = '2021-12-23 11:17:09.000000 +01:00', name = 'x_Lieferschein', updatedby = 100, description = null, userlevel = '__O', c_currency_id = 318, amtapproval = 0, ad_tree_menu_id = null, ismanual = 'Y', isshowacct = 'N', ispersonallock = 'N', ispersonalaccess = 'N', iscanexport = 'N', iscanreport = 'N', supervisor_id = null, iscanapproveowndoc = 'N', isaccessallorgs = 'N', ischangelog = 'N', preferencetype = 'O', overwritepricelimit = 'N', isuseuserorgaccess = 'N', ad_tree_org_id = null, confirmqueryrecords = 0, maxqueryrecords = 0, connectionprofile = null, allow_info_account = 'N', allow_info_asset = 'N', allow_info_bpartner = 'N', allow_info_cashjournal = 'N', allow_info_inout = 'N', allow_info_invoice = 'N', allow_info_order = 'N', allow_info_payment = 'N', allow_info_product = 'N', allow_info_resource = 'N', allow_info_schedule = 'N', userdiscount = 0.00, allow_info_mrp = 'N', allow_info_crp = 'N', isdiscountuptolimitprice = 'N', isdiscountallowedontotal = 'N', isautorolelogin = 'N', ismenuavailable = 'N', isorgloginmandatory = 'N', login_org_id = null, ad_form_id = null, isallowlogindateoverride = 'N', isrolealwaysusebetafunctions = 'N', isshowallentitytypes = 'N', seqno = null, root_menu_id = null, webui_role = 'Y', isallowedtrlbox = 'Y', isallowedmigrationscripts = 'N', isallowedinvoicingpriority = 'N', isattachmentdeletionallowed = 'N' WHERE ad_role_id = 1000036;
UPDATE public.ad_role SET ad_client_id = 1000000, ad_org_id = 0, isactive = 'Y', created = '2015-11-05 14:42:22.000000 +01:00', createdby = 100, updated = '2021-12-23 11:17:12.000000 +01:00', name = 'x_Rechnungsdispo', updatedby = 100, description = null, userlevel = '__O', c_currency_id = 318, amtapproval = 0, ad_tree_menu_id = null, ismanual = 'Y', isshowacct = 'N', ispersonallock = 'N', ispersonalaccess = 'N', iscanexport = 'N', iscanreport = 'N', supervisor_id = null, iscanapproveowndoc = 'N', isaccessallorgs = 'N', ischangelog = 'N', preferencetype = 'O', overwritepricelimit = 'N', isuseuserorgaccess = 'N', ad_tree_org_id = null, confirmqueryrecords = 0, maxqueryrecords = 0, connectionprofile = null, allow_info_account = 'N', allow_info_asset = 'N', allow_info_bpartner = 'N', allow_info_cashjournal = 'N', allow_info_inout = 'N', allow_info_invoice = 'N', allow_info_order = 'N', allow_info_payment = 'N', allow_info_product = 'N', allow_info_resource = 'N', allow_info_schedule = 'N', userdiscount = 0.00, allow_info_mrp = 'N', allow_info_crp = 'N', isdiscountuptolimitprice = 'N', isdiscountallowedontotal = 'N', isautorolelogin = 'N', ismenuavailable = 'N', isorgloginmandatory = 'N', login_org_id = null, ad_form_id = null, isallowlogindateoverride = 'N', isrolealwaysusebetafunctions = 'N', isshowallentitytypes = 'N', seqno = null, root_menu_id = null, webui_role = 'Y', isallowedtrlbox = 'Y', isallowedmigrationscripts = 'N', isallowedinvoicingpriority = 'N', isattachmentdeletionallowed = 'N' WHERE ad_role_id = 1000037;
UPDATE public.ad_role SET ad_client_id = 1000000, ad_org_id = 0, isactive = 'Y', created = '2015-11-05 14:55:29.000000 +01:00', createdby = 100, updated = '2021-12-23 11:17:15.000000 +01:00', name = 'x_Rechnung', updatedby = 100, description = null, userlevel = '__O', c_currency_id = 318, amtapproval = 0, ad_tree_menu_id = null, ismanual = 'Y', isshowacct = 'N', ispersonallock = 'N', ispersonalaccess = 'N', iscanexport = 'N', iscanreport = 'N', supervisor_id = null, iscanapproveowndoc = 'N', isaccessallorgs = 'N', ischangelog = 'N', preferencetype = 'O', overwritepricelimit = 'N', isuseuserorgaccess = 'N', ad_tree_org_id = null, confirmqueryrecords = 0, maxqueryrecords = 0, connectionprofile = null, allow_info_account = 'N', allow_info_asset = 'N', allow_info_bpartner = 'N', allow_info_cashjournal = 'N', allow_info_inout = 'N', allow_info_invoice = 'N', allow_info_order = 'N', allow_info_payment = 'N', allow_info_product = 'N', allow_info_resource = 'N', allow_info_schedule = 'N', userdiscount = 0.00, allow_info_mrp = 'N', allow_info_crp = 'N', isdiscountuptolimitprice = 'N', isdiscountallowedontotal = 'N', isautorolelogin = 'N', ismenuavailable = 'N', isorgloginmandatory = 'N', login_org_id = null, ad_form_id = null, isallowlogindateoverride = 'N', isrolealwaysusebetafunctions = 'N', isshowallentitytypes = 'N', seqno = null, root_menu_id = null, webui_role = 'Y', isallowedtrlbox = 'Y', isallowedmigrationscripts = 'N', isallowedinvoicingpriority = 'N', isattachmentdeletionallowed = 'N' WHERE ad_role_id = 1000038;
INSERT INTO public.ad_role_included (ad_client_id, ad_org_id, ad_role_id, created, createdby, included_role_id, isactive, seqno, updated, updatedby, ad_role_included_id) VALUES (1000000, 1000000, 1000044, '2021-07-09 10:01:13.000000 +02:00', 100, 1000041, 'Y', 10, '2021-07-09 10:01:13.000000 +02:00', 100, 1000014);
INSERT INTO public.ad_role_included (ad_client_id, ad_org_id, ad_role_id, created, createdby, included_role_id, isactive, seqno, updated, updatedby, ad_role_included_id) VALUES (1000000, 1000000, 1000045, '2021-11-30 16:10:08.000000 +01:00', 100, 1000044, 'Y', 10, '2021-11-30 16:10:08.000000 +01:00', 100, 1000015);
INSERT INTO public.ad_role_included (ad_client_id, ad_org_id, ad_role_id, created, createdby, included_role_id, isactive, seqno, updated, updatedby, ad_role_included_id) VALUES (1000000, 1000000, 1000045, '2021-12-23 11:17:56.000000 +01:00', 100, 1000034, 'Y', 20, '2021-12-23 11:17:56.000000 +01:00', 100, 1000017);
INSERT INTO public.ad_role_included (ad_client_id, ad_org_id, ad_role_id, created, createdby, included_role_id, isactive, seqno, updated, updatedby, ad_role_included_id) VALUES (1000000, 1000000, 1000045, '2021-12-23 11:18:02.000000 +01:00', 100, 540018, 'Y', 30, '2021-12-23 11:18:02.000000 +01:00', 100, 1000018);
INSERT INTO public.ad_role_included (ad_client_id, ad_org_id, ad_role_id, created, createdby, included_role_id, isactive, seqno, updated, updatedby, ad_role_included_id) VALUES (1000000, 1000000, 1000045, '2021-12-23 11:18:06.000000 +01:00', 100, 1000036, 'Y', 40, '2021-12-23 11:18:06.000000 +01:00', 100, 1000019);
INSERT INTO public.ad_role_included (ad_client_id, ad_org_id, ad_role_id, created, createdby, included_role_id, isactive, seqno, updated, updatedby, ad_role_included_id) VALUES (1000000, 1000000, 1000045, '2021-12-23 11:18:12.000000 +01:00', 100, 1000038, 'Y', 50, '2021-12-23 11:18:12.000000 +01:00', 100, 1000020);
INSERT INTO public.ad_role_included (ad_client_id, ad_org_id, ad_role_id, created, createdby, included_role_id, isactive, seqno, updated, updatedby, ad_role_included_id) VALUES (1000000, 1000000, 1000045, '2021-12-23 11:18:17.000000 +01:00', 100, 1000037, 'Y', 60, '2021-12-23 11:18:17.000000 +01:00', 100, 1000021);
INSERT INTO public.ad_role_included (ad_client_id, ad_org_id, ad_role_id, created, createdby, included_role_id, isactive, seqno, updated, updatedby, ad_role_included_id) VALUES (1000000, 1000000, 1000045, '2021-12-29 22:27:27.000000 +01:00', 100, 1000040, 'Y', 70, '2021-12-29 22:27:27.000000 +01:00', 100, 1000023);
INSERT INTO public.ad_role_included (ad_client_id, ad_org_id, ad_role_id, created, createdby, included_role_id, isactive, seqno, updated, updatedby, ad_role_included_id) VALUES (1000000, 1000000, 1000045, '2022-01-28 12:57:48.000000 +01:00', 100, 1000046, 'Y', 80, '2022-01-28 12:57:48.000000 +01:00', 100, 1000024);
INSERT INTO public.ad_user_roles (ad_user_id, ad_role_id, ad_client_id, ad_org_id, isactive, created, createdby, updated, updatedby, ad_user_roles_id) VALUES (100, 1000045, 1000000, 1000000, 'Y', '2021-11-30 16:10:02.000000 +01:00', 100, '2021-11-30 16:10:02.000000 +01:00', 100, 1000027);
INSERT INTO public.ad_role_permrequest (ad_client_id, ad_form_id, ad_org_id, ad_process_id, ad_role_id, ad_role_permrequest_id, ad_task_id, ad_window_id, ad_workflow_id, created, createdby, docaction, isactive, ispermissiongranted, updated, updatedby, c_doctype_id, grantpermission, revokepermission, isreadwrite, description) VALUES (1000000, null, 1000000, null, 1000045, 1000002, null, 158, null, '2021-12-29 19:04:26.000000 +01:00', 2188224, null, 'Y', 'N', '2021-12-29 19:04:26.000000 +01:00', 2188224, null, null, null, 'N', 'NoAccess');
INSERT INTO public.ad_role_permrequest (ad_client_id, ad_form_id, ad_org_id, ad_process_id, ad_role_id, ad_role_permrequest_id, ad_task_id, ad_window_id, ad_workflow_id, created, createdby, docaction, isactive, ispermissiongranted, updated, updatedby, c_doctype_id, grantpermission, revokepermission, isreadwrite, description) VALUES (1000000, null, 1000000, null, 1000045, 1000003, null, 540327, null, '2021-12-29 19:17:07.000000 +01:00', 2188224, null, 'Y', 'N', '2021-12-29 19:17:07.000000 +01:00', 2188224, null, null, null, 'N', 'NoAccess');
INSERT INTO public.ad_role_permrequest (ad_client_id, ad_form_id, ad_org_id, ad_process_id, ad_role_id, ad_role_permrequest_id, ad_task_id, ad_window_id, ad_workflow_id, created, createdby, docaction, isactive, ispermissiongranted, updated, updatedby, c_doctype_id, grantpermission, revokepermission, isreadwrite, description) VALUES (1000000, null, 1000000, 541030, 1000045, 1000004, null, null, null, '2021-12-30 13:18:35.000000 +01:00', 2188224, null, 'Y', 'N', '2021-12-30 13:18:35.000000 +01:00', 2188224, null, null, null, 'N', null);
INSERT INTO public.ad_role_permrequest (ad_client_id, ad_form_id, ad_org_id, ad_process_id, ad_role_id, ad_role_permrequest_id, ad_task_id, ad_window_id, ad_workflow_id, created, createdby, docaction, isactive, ispermissiongranted, updated, updatedby, c_doctype_id, grantpermission, revokepermission, isreadwrite, description) VALUES (1000000, null, 1000000, 500011, 1000045, 1000007, null, null, null, '2022-02-03 13:29:44.000000 +01:00', 2188224, null, 'Y', 'N', '2022-02-03 13:29:44.000000 +01:00', 2188224, null, null, null, 'N', null);
INSERT INTO public.ad_role_permrequest (ad_client_id, ad_form_id, ad_org_id, ad_process_id, ad_role_id, ad_role_permrequest_id, ad_task_id, ad_window_id, ad_workflow_id, created, createdby, docaction, isactive, ispermissiongranted, updated, updatedby, c_doctype_id, grantpermission, revokepermission, isreadwrite, description) VALUES (1000000, null, 1000000, null, 1000045, 1000008, null, 541045, null, '2022-05-04 11:44:12.000000 +02:00', 2188224, null, 'Y', 'N', '2022-05-04 11:44:12.000000 +02:00', 2188224, null, null, null, 'N', 'NoAccess');
INSERT INTO public.ad_role_permrequest (ad_client_id, ad_form_id, ad_org_id, ad_process_id, ad_role_id, ad_role_permrequest_id, ad_task_id, ad_window_id, ad_workflow_id, created, createdby, docaction, isactive, ispermissiongranted, updated, updatedby, c_doctype_id, grantpermission, revokepermission, isreadwrite, description) VALUES (1000000, null, 1000000, 540792, 1000045, 1000009, null, null, null, '2022-05-05 16:18:50.000000 +02:00', 2188224, null, 'Y', 'N', '2022-05-05 16:18:50.000000 +02:00', 2188224, null, null, null, 'N', null);
INSERT INTO public.ad_role_permrequest (ad_client_id, ad_form_id, ad_org_id, ad_process_id, ad_role_id, ad_role_permrequest_id, ad_task_id, ad_window_id, ad_workflow_id, created, createdby, docaction, isactive, ispermissiongranted, updated, updatedby, c_doctype_id, grantpermission, revokepermission, isreadwrite, description) VALUES (1000000, null, 1000000, 107, 1000045, 1000010, null, null, null, '2022-05-05 16:26:59.000000 +02:00', 2188224, null, 'Y', 'N', '2022-05-05 16:26:59.000000 +02:00', 2188224, null, null, null, 'N', null);
INSERT INTO public.ad_role_permrequest (ad_client_id, ad_form_id, ad_org_id, ad_process_id, ad_role_id, ad_role_permrequest_id, ad_task_id, ad_window_id, ad_workflow_id, created, createdby, docaction, isactive, ispermissiongranted, updated, updatedby, c_doctype_id, grantpermission, revokepermission, isreadwrite, description) VALUES (1000000, null, 1000000, null, 1000045, 1000012, null, 541125, null, '2022-09-22 14:44:58.000000 +02:00', 2188224, null, 'Y', 'N', '2022-09-22 14:44:58.000000 +02:00', 2188224, null, null, null, 'N', 'NoAccess');
INSERT INTO public.ad_role_permrequest (ad_client_id, ad_form_id, ad_org_id, ad_process_id, ad_role_id, ad_role_permrequest_id, ad_task_id, ad_window_id, ad_workflow_id, created, createdby, docaction, isactive, ispermissiongranted, updated, updatedby, c_doctype_id, grantpermission, revokepermission, isreadwrite, description) VALUES (1000000, null, 1000000, null, 1000044, 1000000, null, 115, null, '2021-08-10 14:04:26.000000 +02:00', 2188224, null, 'Y', 'N', '2021-08-10 14:04:26.000000 +02:00', 2188224, null, null, null, 'N', 'NoAccess');
INSERT INTO public.ad_role_permrequest (ad_client_id, ad_form_id, ad_org_id, ad_process_id, ad_role_id, ad_role_permrequest_id, ad_task_id, ad_window_id, ad_workflow_id, created, createdby, docaction, isactive, ispermissiongranted, updated, updatedby, c_doctype_id, grantpermission, revokepermission, isreadwrite, description) VALUES (1000000, null, 1000000, null, 1000044, 1000001, null, 540095, null, '2021-08-12 09:12:34.000000 +02:00', 2188224, null, 'Y', 'N', '2021-08-12 09:12:34.000000 +02:00', 2188224, null, null, null, 'N', 'NoAccess');
INSERT INTO public.ad_role_permrequest (ad_client_id, ad_form_id, ad_org_id, ad_process_id, ad_role_id, ad_role_permrequest_id, ad_task_id, ad_window_id, ad_workflow_id, created, createdby, docaction, isactive, ispermissiongranted, updated, updatedby, c_doctype_id, grantpermission, revokepermission, isreadwrite, description) VALUES (1000000, null, 1000000, null, 1000044, 1000005, null, 143, null, '2022-01-22 10:20:27.000000 +01:00', 2188224, null, 'Y', 'N', '2022-01-22 10:20:27.000000 +01:00', 2188224, null, null, null, 'N', 'NoAccess');
INSERT INTO public.ad_role_permrequest (ad_client_id, ad_form_id, ad_org_id, ad_process_id, ad_role_id, ad_role_permrequest_id, ad_task_id, ad_window_id, ad_workflow_id, created, createdby, docaction, isactive, ispermissiongranted, updated, updatedby, c_doctype_id, grantpermission, revokepermission, isreadwrite, description) VALUES (1000000, null, 1000000, 500011, 1000046, 1000006, null, null, null, '2022-01-28 15:32:07.000000 +01:00', 2188225, null, 'Y', 'N', '2022-01-28 15:32:07.000000 +01:00', 2188225, null, null, null, 'N', null);
